issn_l_prefixed,issn_l,title,issns,publisher,subject,subject_top_three,subjects_all,subscribed,is_society_journal,usage,subscription_cost,ill_cost,cpu,cpu_rank,cost,instant_usage_percent,free_instant_usage_percent,subscription_minus_ill_cost,use_oa_percent,use_backfile_percent,use_subscription_percent,use_ill_percent,use_other_delayed_percent,perpetual_access_years_text,baseline_access_text,bronze_oa_embargo_months,downloads,citations,authorships,cpu_fuzzed,subscription_cost_fuzzed,subscription_minus_ill_cost_fuzzed,usage_fuzzed,downloads_fuzzed,citations_fuzzed,authorships_fuzzed
issn:0749-0739,0749-0739,Veterinary Clinics of North America Equine Practice,"['0749-0739', '1558-4224']",Elsevier BV,Medicine,"Biology,Internal medicine,Medicine","[[""C71924100"",""Medicine""], [""C86803240"",""Biology""], [""C15744967"",""Psychology""], [""C41008148"",""Computer science""], [""C127313418"",""Geology""], [""C185592680"",""Chemistry""]]",False,False,2651,683.2,603.2323,0.112096,1.0,603.2323,73.0877,73,80,7,66,0,1,26,2016-2025,,,2637,1.4,0.0,low,low,low,high,high,low,low
issn:0195-5616,0195-5616,Veterinary Clinics of North America Small Animal Practice,"['0195-5616', '1878-1306']",Elsevier BV,Medicine,"Biology,Internal medicine,Medicine","[[""C71924100"",""Medicine""], [""C86803240"",""Biology""], [""C41008148"",""Computer science""], [""C15744967"",""Psychology""], [""C185592680"",""Chemistry""]]",False,False,3102,782.4,683.936,0.115801,2.0,683.936,72.5928,73,98,6,67,0,1,26,2016-2025,,,2936,6.8,1.0,low,low,low,high,high,low,high
issn:0749-0720,0749-0720,Veterinary Clinics of North America Food Animal Practice,"['0749-0720', '1558-4240']",Elsevier BV,Biology,"Biology,Genetics,Medicine","[[""C86803240"",""Biology""], [""C71924100"",""Medicine""], [""C41008148"",""Computer science""], [""C185592680"",""Chemistry""], [""C205649164"",""Geography""]]",False,False,2130,534.6,458.3595,0.119843,3.0,458.3595,70.1305,70,76,7,63,0,1,28,2016-2025,,,1805,13.0,2.0,low,low,low,high,high,medium,high
issn:2212-2672,2212-2672,Journal of the Academy of Nutrition and Dietetics,"['2212-2672', '2212-2680']",Elsevier BV,Medicine,"Biology,Medicine,Psychology","[[""C71924100"",""Medicine""], [""C86803240"",""Biology""], [""C15744967"",""Psychology""], [""C41008148"",""Computer science""], [""C17744445"",""Political science""], [""C144024400"",""Sociology""], [""C162324750"",""Economics""], [""C185592680"",""Chemistry""], [""C144133560"",""Business""], [""C33923547"",""Mathematics""], [""C138885662"",""Philosophy""]]",False,True,1687,965.8,526.512,0.601695,4.0,526.512,56.7136,57,439,15,42,0,2,41,2016-2025,,,1431,7.6,1.8,low,low,low,high,high,medium,high
issn:2214-7810,2214-7810,Additive manufacturing,"['2214-7810', '2214-8604']",Elsevier BV,Materials science,"Composite material,Materials science,Physics","[[""C192562407"",""Materials science""], [""C121332964"",""Physics""], [""C185592680"",""Chemistry""], [""C127413603"",""Engineering""], [""C41008148"",""Computer science""], [""C127313418"",""Geology""], [""C86803240"",""Biology""], [""C33923547"",""Mathematics""], [""C205649164"",""Geography""], [""C71924100"",""Medicine""], [""C138885662"",""Philosophy""]]",False,False,1602,1107.4,568.4142,0.703485,5.0,568.4142,52.1719,52,539,31,21,0,2,45,2016-2025,,,1398,12.4,0.8,low,low,low,high,high,medium,high
issn:0950-0618,0950-0618,Construction & building materials,"['0950-0618', '1879-0526']",,Materials science,"Composite material,Engineering,Materials science","[[""C192562407"",""Materials science""], [""C127413603"",""Engineering""], [""C121332964"",""Physics""], [""C185592680"",""Chemistry""], [""C205649164"",""Geography""], [""C95457728"",""History""], [""C127313418"",""Geology""], [""C86803240"",""Biology""], [""C41008148"",""Computer science""], [""C33923547"",""Mathematics""]]",False,False,6034,5258.4,1611.5035,1.263796,6.0,1611.5035,52.1749,52,3647,15,37,0,2,45,2016-2025,,,3964,149.0,5.8,low,medium,medium,high,high,high,high
issn:0959-6526,0959-6526,Journal of cleaner production,"['0959-6526', '1879-1786']",,Biology,"Biology,Ecology,Engineering","[[""C86803240"",""Biology""], [""C127413603"",""Engineering""], [""C162324750"",""Economics""], [""C39432304"",""Environmental science""], [""C185592680"",""Chemistry""], [""C121332964"",""Physics""], [""C41008148"",""Computer science""], [""C205649164"",""Geography""], [""C144133560"",""Business""], [""C127313418"",""Geology""], [""C17744445"",""Political science""], [""C192562407"",""Materials science""], [""C33923547"",""Mathematics""], [""C95457728"",""History""]]",False,False,4156,4870.4,1354.8362,1.801303,7.0,1354.8362,53.0414,53,3516,17,36,0,2,45,2016-2025,,,3394,54.2,2.2,low,medium,medium,high,high,high,high
issn:1760-2734,1760-2734,Journal of Veterinary Cardiology,"['1760-2734', '1875-0834']",Elsevier BV,Medicine,"Cardiology,Internal medicine,Medicine","[[""C71924100"",""Medicine""], [""C86803240"",""Biology""], [""C41008148"",""Computer science""], [""C15744967"",""Psychology""], [""C121332964"",""Physics""], [""C185592680"",""Chemistry""]]",False,True,984,793.6,235.4607,1.848637,8.0,235.4607,69.3314,69,558,28,41,0,2,29,2016-2025,,,903,2.2,0.6,low,low,low,medium,high,low,medium
issn:1526-6125,1526-6125,Journal of Manufacturing Processes,"['1526-6125', '2212-4616']",Elsevier BV,Materials science,"Composite material,Engineering,Materials science","[[""C192562407"",""Materials science""], [""C127413603"",""Engineering""], [""C121332964"",""Physics""], [""C185592680"",""Chemistry""], [""C41008148"",""Computer science""], [""C33923547"",""Mathematics""], [""C127313418"",""Geology""], [""C86803240"",""Biology""]]",False,True,582,940.0,209.0112,2.32008,9.0,209.0112,45.8921,46,731,21,25,0,3,51,2016-2025,,,454,2.8,1.0,low,low,low,low,low,low,high
issn:1094-9194,1094-9194,Veterinary Clinics of North America Exotic Animal Practice,"['1094-9194', '1558-4232']",Elsevier BV,Medicine,"Biology,Internal medicine,Medicine","[[""C71924100"",""Medicine""], [""C86803240"",""Biology""], [""C15744967"",""Psychology""], [""C41008148"",""Computer science""], [""C127313418"",""Geology""]]",False,False,689,663.4,167.3643,2.454642,10.0,167.3643,70.6501,71,496,4,67,0,1,28,2016-2025,,,671,1.8,0.0,low,low,low,medium,medium,low,low
issn:0737-0806,0737-0806,Journal of Equine Veterinary Science,"['0737-0806', '1542-7412']",Elsevier BV,Biology,"Biology,Genetics,Medicine","[[""C86803240"",""Biology""], [""C71924100"",""Medicine""], [""C185592680"",""Chemistry""], [""C127313418"",""Geology""], [""C41008148"",""Computer science""]]",False,True,872,1242.6,310.0328,2.515814,11.0,310.0328,57.4943,57,933,19,38,0,2,40,2016-2025,,,858,1.4,0.0,low,low,low,medium,medium,low,low
issn:1499-4046,1499-4046,Journal of Nutrition Education and Behavior,"['1499-4046', '1878-2620']",Elsevier BV,Medicine,"Biology,Medicine,Psychology","[[""C71924100"",""Medicine""], [""C15744967"",""Psychology""], [""C86803240"",""Biology""], [""C144024400"",""Sociology""], [""C17744445"",""Political science""], [""C162324750"",""Economics""], [""C41008148"",""Computer science""], [""C33923547"",""Mathematics""], [""C144133560"",""Business""], [""C185592680"",""Chemistry""], [""C138885662"",""Philosophy""], [""C205649164"",""Geography""], [""C95457728"",""History""]]",False,True,695,760.4,147.88,2.530666,12.0,147.88,65.1836,65,613,28,38,0,2,33,2016-2025,,,500,9.6,1.0,low,low,low,medium,medium,medium,high
issn:0278-4319,0278-4319,International Journal of Hospitality Management,"['0278-4319', '1873-4693']",Elsevier BV,Business,"Business,Law,Political science","[[""C144133560"",""Business""], [""C17744445"",""Political science""], [""C162324750"",""Economics""], [""C205649164"",""Geography""], [""C95457728"",""History""], [""C41008148"",""Computer science""], [""C15744967"",""Psychology""], [""C86803240"",""Biology""], [""C33923547"",""Mathematics""], [""C138885662"",""Philosophy""], [""C121332964"",""Physics""], [""C144024400"",""Sociology""], [""C127413603"",""Engineering""]]",False,False,2147,2958.0,578.979,2.668556,13.0,578.979,58.468,58,2379,26,33,0,2,39,2016-2025,,,1640,28.8,2.2,low,low,low,high,high,high,high
issn:0926-2040,0926-2040,Solid State Nuclear Magnetic Resonance,"['0926-2040', '1527-3326']",Elsevier BV,Chemistry,"Chemistry,Physics,Quantum mechanics","[[""C33923547"",""Mathematics""], [""C185592680"",""Chemistry""], [""C121332964"",""Physics""], [""C192562407"",""Materials science""], [""C127413603"",""Engineering""], [""C86803240"",""Biology""], [""C71924100"",""Medicine""], [""C41008148"",""Computer science""]]",False,False,963,1608.6,300.5797,2.956901,14.0,300.5797,54.0453,54,1308,19,35,0,2,44,2016-2025,,,770,10.0,1.0,low,low,low,medium,medium,medium,high
issn:1097-2765,1097-2765,Molecular Cell,"['1097-2765', '1097-4164']",Elsevier BV,Biology,"Biology,Chemistry,Genetics","[[""C86803240"",""Biology""], [""C185592680"",""Chemistry""], [""C71924100"",""Medicine""], [""C121332964"",""Physics""]]",False,False,2197,2017.8,386.0767,3.142178,15.0,386.0767,76.365,76,1632,73,3,0,1,22,2016-2025,,12,1922,27.6,0.0,low,low,low,high,high,high,low
issn:2590-2865,2590-2865,Applied Animal Science,"['2590-2865', '2590-2873']",Elsevier BV,Biology,"Animal science,Biology,Chemistry","[[""C86803240"",""Biology""], [""C185592680"",""Chemistry""], [""C205649164"",""Geography""], [""C71924100"",""Medicine""], [""C41008148"",""Computer science""], [""C33923547"",""Mathematics""], [""C121332964"",""Physics""], [""C39432304"",""Environmental science""], [""C127413603"",""Engineering""], [""C127313418"",""Geology""], [""C192562407"",""Materials science""]]",False,False,212,230.6,37.888,3.434485,16.0,37.888,73.5071,74,193,69,4,0,1,25,2016-2025,,,168,0.4,0.4,low,low,low,low,low,low,medium
issn:2211-2855,2211-2855,Nano Energy,"['2211-2855', '2211-3282']",Elsevier BV,Materials science,"Engineering,Materials science,Physics","[[""C192562407"",""Materials science""], [""C121332964"",""Physics""], [""C127413603"",""Engineering""], [""C185592680"",""Chemistry""], [""C86803240"",""Biology""], [""C41008148"",""Computer science""], [""C33923547"",""Mathematics""]]",False,False,1286,3390.8,500.3155,4.078916,17.0,500.3155,44.889,45,2890,13,32,0,3,52,2016-2025,,,1068,11.8,1.0,low,low,low,high,high,medium,high
issn:1359-6454,1359-6454,Acta Materialia,"['1359-6454', '1873-2453']",Elsevier BV,Materials science,"Chemistry,Materials science,Physics","[[""C192562407"",""Materials science""], [""C121332964"",""Physics""], [""C185592680"",""Chemistry""], [""C127413603"",""Engineering""], [""C127313418"",""Geology""], [""C86803240"",""Biology""], [""C41008148"",""Computer science""], [""C205649164"",""Geography""], [""C33923547"",""Mathematics""]]",False,False,5683,6765.0,940.0564,4.157802,18.0,940.0564,75.347,75,5825,35,40,0,1,23,2016-2025,,,4486,73.8,4.6,low,medium,medium,high,high,high,high
issn:0092-8674,0092-8674,Cell,"['0092-8674', '1097-4172']",Cell Press,Biology,"Biology,Chemistry,Genetics","[[""C86803240"",""Biology""], [""C185592680"",""Chemistry""], [""C71924100"",""Medicine""], [""C121332964"",""Physics""]]",False,False,4967,4006.8,548.7585,4.163648,19.0,548.7585,83.2775,83,3458,81,2,0,1,16,2016-2025,,12,3861,108.8,0.2,low,medium,medium,high,high,high,low
issn:0960-9822,0960-9822,Current Biology,"['0960-9822', '1879-0445']",Elsevier BV,Biology,"Biology,Chemistry,Genetics","[[""C86803240"",""Biology""], [""C185592680"",""Chemistry""], [""C71924100"",""Medicine""], [""C15744967"",""Psychology""], [""C121332964"",""Physics""], [""C41008148"",""Computer science""], [""C127313418"",""Geology""]]",False,False,2552,2906.0,410.1016,4.197231,20.0,410.1016,76.7026,77,2496,74,3,0,1,22,2016-2025,,12,2071,40.2,0.8,low,low,low,high,high,high,high
issn:1674-2052,1674-2052,Molecular Plant,"['1752-9859', '1752-9867', '1674-2052']",Elsevier BV,Biology,"Biology,Chemistry,Genetics","[[""C86803240"",""Biology""], [""C185592680"",""Chemistry""], [""C71924100"",""Medicine""], [""C121332964"",""Physics""]]",False,False,1510,2421.8,311.3217,4.447102,21.0,311.3217,68.5636,69,2110,63,6,0,2,30,2016-2025,,18,1165,24.6,1.0,low,low,low,high,high,high,high
issn:0034-5288,0034-5288,Research in Veterinary Science,"['0034-5288', '1532-2661']",Elsevier BV,Biology,"Biology,Genetics,Medicine","[[""C86803240"",""Biology""], [""C71924100"",""Medicine""], [""C185592680"",""Chemistry""], [""C127313418"",""Geology""], [""C121332964"",""Physics""], [""C15744967"",""Psychology""]]",False,True,1223,2038.0,272.7231,4.61331,22.0,272.7231,68.7012,69,1765,29,40,0,2,30,2016-2025,,,1025,13.8,0.6,low,low,low,high,high,medium,medium
issn:1096-7176,1096-7176,Metabolic Engineering,"['1096-7176', '1096-7184']",Elsevier BV,Biology,"Biochemistry,Biology,Chemistry","[[""C86803240"",""Biology""], [""C185592680"",""Chemistry""], [""C121332964"",""Physics""], [""C71924100"",""Medicine""], [""C127313418"",""Geology""], [""C127413603"",""Engineering""], [""C192562407"",""Materials science""]]",False,True,837,1442.4,186.6004,4.714917,23.0,186.6004,68.1605,68,1256,37,31,0,2,30,2016-2025,,,689,10.8,0.4,low,low,low,medium,medium,medium,medium
issn:0168-1699,0168-1699,Computers and Electronics in Agriculture,"['0168-1699', '1872-7107']",Elsevier BV,Computer science,"Biology,Computer science,Engineering","[[""C41008148"",""Computer science""], [""C86803240"",""Biology""], [""C127413603"",""Engineering""], [""C33923547"",""Mathematics""], [""C205649164"",""Geography""], [""C121332964"",""Physics""], [""C127313418"",""Geology""], [""C39432304"",""Environmental science""], [""C95457728"",""History""], [""C15744967"",""Psychology""], [""C185592680"",""Chemistry""], [""C162324750"",""Economics""]]",False,False,1958,4652.2,575.4669,5.063536,24.0,575.4669,58.8778,59,4077,24,35,0,2,39,2016-2025,,,1646,25.2,0.6,low,medium,medium,high,high,high,medium
issn:1475-1585,1475-1585,Journal of English for Academic Purposes,"['1475-1585', '1878-1497']",Elsevier BV,Philosophy,"Computer science,Linguistics,Philosophy","[[""C138885662"",""Philosophy""], [""C41008148"",""Computer science""], [""C144024400"",""Sociology""], [""C15744967"",""Psychology""], [""C33923547"",""Mathematics""], [""C17744445"",""Political science""], [""C86803240"",""Biology""], [""C142362112"",""Art""], [""C162324750"",""Economics""], [""C121332964"",""Physics""], [""C71924100"",""Medicine""], [""C205649164"",""Geography""], [""C95457728"",""History""]]",False,True,710,1699.0,237.3393,5.176341,25.0,237.3393,60.2196,60,1462,20,40,0,2,38,2016-2025,,,702,0.8,0.0,low,low,low,medium,medium,low,low
issn:1385-8947,1385-8947,Chemical engineering journal,"['1385-8947', '1873-3212']",,Chemistry,"Chemistry,Engineering,Organic chemistry","[[""C185592680"",""Chemistry""], [""C127413603"",""Engineering""], [""C121332964"",""Physics""], [""C192562407"",""Materials science""], [""C86803240"",""Biology""], [""C41008148"",""Computer science""], [""C127313418"",""Geology""], [""C33923547"",""Mathematics""]]",False,False,3087,11027.0,1337.7308,5.450827,26.0,1337.7308,42.4244,42,9689,13,29,0,3,55,2016-2025,,,2733,21.4,1.4,low,high,high,high,high,high,high
issn:1226-086X,1226-086X,Journal of Industrial and Engineering Chemistry,"['1226-086X', '1876-794X']",Elsevier BV,Chemistry,"Chemistry,Materials science,Organic chemistry","[[""C86803240"",""Biology""], [""C41008148"",""Computer science""], [""C127313418"",""Geology""], [""C33923547"",""Mathematics""], [""C185592680"",""Chemistry""], [""C192562407"",""Materials science""], [""C127413603"",""Engineering""], [""C121332964"",""Physics""]]",False,False,297,889.2,103.637,5.707852,27.0,103.637,53.7327,54,786,12,42,0,2,44,2016-2025,,,264,3.4,0.0,low,low,low,low,low,low,low
issn:1359-6462,1359-6462,Scripta Materialia,"['1359-6462', '1872-8456']",Elsevier BV,Materials science,"Chemistry,Materials science,Physics","[[""C192562407"",""Materials science""], [""C185592680"",""Chemistry""], [""C121332964"",""Physics""], [""C127413603"",""Engineering""], [""C127313418"",""Geology""], [""C86803240"",""Biology""], [""C41008148"",""Computer science""], [""C205649164"",""Geography""], [""C33923547"",""Mathematics""]]",False,False,1881,3282.8,353.0393,5.735956,28.0,353.0393,72.8428,73,2930,32,41,0,1,26,2016-2025,,,1529,27.2,0.8,low,low,low,high,high,high,high
issn:0301-4797,0301-4797,Journal of Environmental Management,"['0301-4797', '1095-8630']",Elsevier BV,Biology,"Biology,Ecology,Environmental science","[[""C86803240"",""Biology""], [""C39432304"",""Environmental science""], [""C127413603"",""Engineering""], [""C185592680"",""Chemistry""], [""C127313418"",""Geology""], [""C205649164"",""Geography""], [""C121332964"",""Physics""], [""C162324750"",""Economics""], [""C41008148"",""Computer science""], [""C95457728"",""History""], [""C192562407"",""Materials science""], [""C17744445"",""Political science""], [""C144133560"",""Business""], [""C33923547"",""Mathematics""], [""C71924100"",""Medicine""]]",False,False,2188,5283.2,487.0439,5.816043,29.0,487.0439,62.3128,62,4796,31,31,0,2,36,2016-2025,,,1520,22.8,4.4,low,medium,medium,high,high,high,high
issn:0016-5085,0016-5085,Gastroenterology,"['0016-5085', '1528-0012']",,Medicine,"Biology,Internal medicine,Medicine","[[""C71924100"",""Medicine""], [""C86803240"",""Biology""], [""C185592680"",""Chemistry""]]",False,True,718,2098.4,190.275,5.81722,30.0,190.275,54.302,54,1908,9,45,0,2,43,2016-2025,,,490,16.8,0.6,low,low,low,medium,medium,high,medium
issn:1534-5807,1534-5807,Developmental Cell,"['1534-5807', '1878-1551']",Elsevier BV,Biology,"Biology,Chemistry,Genetics","[[""C86803240"",""Biology""], [""C185592680"",""Chemistry""], [""C71924100"",""Medicine""], [""C121332964"",""Physics""], [""C15744967"",""Psychology""]]",False,False,969,1532.8,151.6145,6.261617,31.0,151.6145,77.2315,77,1381,74,3,0,1,22,2016-2025,,12,783,14.6,0.4,low,low,low,medium,medium,medium,medium
issn:1369-7021,1369-7021,Materials Today,"['1369-7021', '1873-4103']",Elsevier BV,Materials science,"Engineering,Materials science,Physics","[[""C192562407"",""Materials science""], [""C121332964"",""Physics""], [""C127413603"",""Engineering""], [""C185592680"",""Chemistry""], [""C41008148"",""Computer science""], [""C86803240"",""Biology""]]",False,False,657,1379.0,143.6145,6.446349,32.0,143.6145,70.8378,71,1235,63,8,0,1,28,2016-2025,,36,579,5.8,0.2,low,low,low,medium,medium,low,low
issn:0969-6989,0969-6989,Journal of Retailing and Consumer Services,"['0969-6989', '1873-1384']",Elsevier BV,Business,"Business,Computer science,Marketing","[[""C144133560"",""Business""], [""C41008148"",""Computer science""], [""C162324750"",""Economics""], [""C15744967"",""Psychology""], [""C17744445"",""Political science""], [""C33923547"",""Mathematics""], [""C138885662"",""Philosophy""], [""C86803240"",""Biology""], [""C144024400"",""Sociology""], [""C121332964"",""Physics""], [""C205649164"",""Geography""], [""C95457728"",""History""], [""C127413603"",""Engineering""]]",False,False,780,2802.8,280.4908,6.529325,33.0,280.4908,50.4915,50,2522,20,30,0,2,47,2016-2025,,,667,5.4,0.6,low,low,low,medium,medium,low,medium
issn:0956-5663,0956-5663,Biosensors and Bioelectronics,"['0956-5663', '1873-4235']",Elsevier BV,Chemistry,"Biology,Chemistry,Materials science","[[""C185592680"",""Chemistry""], [""C86803240"",""Biology""], [""C192562407"",""Materials science""], [""C121332964"",""Physics""], [""C127413603"",""Engineering""], [""C71924100"",""Medicine""], [""C33923547"",""Mathematics""], [""C41008148"",""Computer science""]]",False,False,2519,7695.4,749.7852,6.531446,34.0,749.7852,57.7839,58,6946,20,37,0,2,40,2016-2025,,,2089,21.0,2.2,low,high,medium,high,high,high,high
issn:0048-9697,0048-9697,Science of the total environment,"['0048-9697', '1879-1026']",,Biology,"Biology,Chemistry,Ecology","[[""C86803240"",""Biology""], [""C185592680"",""Chemistry""], [""C39432304"",""Environmental science""], [""C127313418"",""Geology""], [""C127413603"",""Engineering""], [""C121332964"",""Physics""], [""C205649164"",""Geography""], [""C71924100"",""Medicine""], [""C192562407"",""Materials science""], [""C41008148"",""Computer science""], [""C95457728"",""History""]]",False,False,6259,20965.6,1877.5166,6.609632,35.0,1877.5166,53.8625,54,19088,28,26,0,2,44,2016-2025,,,4788,73.2,7.4,low,high,high,high,high,high,high
issn:0956-7135,0956-7135,Food Control,"['0956-7135', '1873-7129']",Elsevier BV,Biology,"Biology,Chemistry,Food science","[[""C86803240"",""Biology""], [""C185592680"",""Chemistry""], [""C71924100"",""Medicine""], [""C127313418"",""Geology""], [""C121332964"",""Physics""], [""C127413603"",""Engineering""], [""C41008148"",""Computer science""], [""C33923547"",""Mathematics""], [""C144133560"",""Business""], [""C192562407"",""Materials science""]]",False,True,1293,4437.4,435.3976,6.919275,36.0,435.3976,55.2534,55,4002,21,34,0,2,43,2016-2025,,,1145,10.8,0.4,low,medium,medium,high,high,medium,medium
issn:0268-005X,0268-005X,Food Hydrocolloids,"['0268-005X', '1873-7137']",Elsevier BV,Chemistry,"Biology,Chemistry,Organic chemistry","[[""C185592680"",""Chemistry""], [""C86803240"",""Biology""], [""C121332964"",""Physics""], [""C127413603"",""Engineering""], [""C192562407"",""Materials science""], [""C71924100"",""Medicine""], [""C127313418"",""Geology""]]",False,False,1073,3621.2,326.2801,7.001209,37.0,326.2801,56.1322,56,3295,18,38,0,2,42,2016-2025,,,875,13.8,0.6,low,medium,low,medium,high,medium,medium
issn:1610-8167,1610-8167,Urban forestry & urban greening,"['1610-8167', '1618-8667']",Elsevier BV,Geography,"Biology,Ecology,Geography","[[""C205649164"",""Geography""], [""C86803240"",""Biology""], [""C39432304"",""Environmental science""], [""C162324750"",""Economics""], [""C127313418"",""Geology""], [""C127413603"",""Engineering""], [""C71924100"",""Medicine""], [""C95457728"",""History""], [""C121332964"",""Physics""], [""C17744445"",""Political science""], [""C41008148"",""Computer science""], [""C144024400"",""Sociology""], [""C33923547"",""Mathematics""], [""C138885662"",""Philosophy""], [""C144133560"",""Business""]]",False,False,439,1003.2,99.8357,7.026995,38.0,99.8357,70.7182,71,903,46,25,0,1,28,2016-2025,,,401,1.8,0.2,low,low,low,low,low,low,low
issn:0958-9465,0958-9465,Cement and Concrete Composites,"['0958-9465', '1873-393X']",Elsevier BV,Materials science,"Composite material,Engineering,Materials science","[[""C192562407"",""Materials science""], [""C127413603"",""Engineering""], [""C121332964"",""Physics""], [""C185592680"",""Chemistry""], [""C205649164"",""Geography""], [""C95457728"",""History""], [""C127313418"",""Geology""], [""C86803240"",""Biology""], [""C41008148"",""Computer science""], [""C33923547"",""Mathematics""]]",False,False,1581,4392.8,301.7545,7.205164,39.0,301.7545,64.0837,64,4091,23,41,0,2,34,2016-2025,,,988,45.4,1.4,low,medium,medium,high,high,high,high
issn:0929-1199,0929-1199,Journal of Corporate Finance,"['0929-1199', '1872-6313']",Elsevier BV,Business,"Business,Economics,Finance","[[""C144133560"",""Business""], [""C162324750"",""Economics""], [""C17744445"",""Political science""], [""C41008148"",""Computer science""], [""C33923547"",""Mathematics""], [""C205649164"",""Geography""], [""C95457728"",""History""], [""C138885662"",""Philosophy""], [""C86803240"",""Biology""], [""C127413603"",""Engineering""], [""C121332964"",""Physics""]]",False,False,580,1981.8,170.297,7.457086,40.0,170.297,58.1265,58,1812,24,35,0,2,40,2016-2025,,,478,4.2,0.6,low,low,low,low,low,low,medium
issn:0924-2244,0924-2244,Trends in Food Science & Technology,"['0924-2244', '1879-3053']",Elsevier BV,Biology,"Biology,Chemistry,Food science","[[""C86803240"",""Biology""], [""C185592680"",""Chemistry""], [""C71924100"",""Medicine""], [""C127413603"",""Engineering""], [""C121332964"",""Physics""], [""C41008148"",""Computer science""], [""C144133560"",""Business""], [""C192562407"",""Materials science""], [""C17744445"",""Political science""], [""C127313418"",""Geology""]]",False,False,1310,4815.6,417.1858,7.841399,41.0,417.1858,57.1783,57,4398,26,31,0,2,41,2016-2025,,,1146,14.4,0.2,low,medium,medium,high,high,medium,low
issn:0148-2963,0148-2963,Journal of Business Research,"['0148-2963', '1873-7978']",Elsevier BV,Business,"Business,Computer science,Economics","[[""C144133560"",""Business""], [""C162324750"",""Economics""], [""C41008148"",""Computer science""], [""C17744445"",""Political science""], [""C15744967"",""Psychology""], [""C33923547"",""Mathematics""], [""C138885662"",""Philosophy""], [""C86803240"",""Biology""], [""C144024400"",""Sociology""], [""C121332964"",""Physics""], [""C205649164"",""Geography""], [""C127413603"",""Engineering""], [""C95457728"",""History""]]",False,False,2549,7156.0,610.2436,7.924218,42.0,610.2436,67.5991,68,6546,37,30,0,2,31,2016-2025,,,2216,23.4,1.0,low,high,medium,high,high,high,high
issn:2211-9124,2211-9124,Global Food Security,['2211-9124'],Elsevier BV,Biology,"Biology,Ecology,Economics","[[""C86803240"",""Biology""], [""C162324750"",""Economics""], [""C205649164"",""Geography""], [""C144133560"",""Business""], [""C95457728"",""History""], [""C17744445"",""Political science""], [""C71924100"",""Medicine""], [""C144024400"",""Sociology""], [""C39432304"",""Environmental science""], [""C41008148"",""Computer science""], [""C185592680"",""Chemistry""], [""C138885662"",""Philosophy""], [""C121332964"",""Physics""], [""C127413603"",""Engineering""]]",False,False,343,963.6,84.2799,7.996878,43.0,84.2799,67.9575,68,879,53,15,0,2,30,2016-2025,,,309,3.4,0.0,low,low,low,low,low,low,low
issn:1467-2987,1467-2987,Veterinary Anaesthesia and Analgesia,"['1467-2987', '1467-2995']",Elsevier BV,Medicine,"Anesthesia,Biology,Medicine","[[""C71924100"",""Medicine""], [""C86803240"",""Biology""], [""C15744967"",""Psychology""], [""C185592680"",""Chemistry""], [""C121332964"",""Physics""], [""C127413603"",""Engineering""]]",False,True,523,1836.8,155.8027,8.087837,44.0,155.8027,60.232,60,1681,17,43,0,2,38,2016-2025,,,461,4.2,0.2,low,low,low,low,low,low,low
issn:1557-5063,1557-5063,Journal of Exotic Pet Medicine,"['1557-5063', '1931-6283']",Elsevier BV,Medicine,"Biology,Internal medicine,Medicine","[[""C71924100"",""Medicine""], [""C86803240"",""Biology""], [""C185592680"",""Chemistry""], [""C41008148"",""Computer science""], [""C127313418"",""Geology""], [""C15744967"",""Psychology""]]",False,True,171,707.0,64.7853,8.133797,45.0,64.7853,53.9507,54,642,11,43,0,2,44,2016-2025,,,166,0.6,0.0,low,low,low,low,low,low,low
issn:0272-8842,0272-8842,Ceramics international,"['0272-8842', '1873-3956']",,Materials science,"Chemistry,Materials science,Physics","[[""C192562407"",""Materials science""], [""C121332964"",""Physics""], [""C185592680"",""Chemistry""], [""C127413603"",""Engineering""], [""C86803240"",""Biology""], [""C127313418"",""Geology""], [""C41008148"",""Computer science""]]",False,False,1223,6229.4,506.3385,8.17769,46.0,506.3385,42.7655,43,5723,9,34,0,3,54,2016-2025,,,1041,8.2,1.0,low,medium,medium,high,high,medium,high
issn:0165-4101,0165-4101,Journal of Accounting and Economics,"['0165-4101', '1879-1980']",Elsevier BV,Business,"Accounting,Business,Economics","[[""C144133560"",""Business""], [""C162324750"",""Economics""], [""C41008148"",""Computer science""], [""C17744445"",""Political science""], [""C33923547"",""Mathematics""], [""C138885662"",""Philosophy""], [""C127413603"",""Engineering""], [""C205649164"",""Geography""], [""C86803240"",""Biology""], [""C121332964"",""Physics""], [""C95457728"",""History""]]",False,False,1260,2867.2,249.9426,8.315697,47.0,249.9426,75.0306,75,2617,14,61,0,1,24,2016-2025,,,1178,8.4,0.0,low,low,low,high,high,medium,low
issn:2211-9264,2211-9264,Algal Research,['2211-9264'],Elsevier BV,Biology,"Biology,Chemistry,Ecology","[[""C86803240"",""Biology""], [""C185592680"",""Chemistry""], [""C127313418"",""Geology""], [""C127413603"",""Engineering""], [""C121332964"",""Physics""], [""C39432304"",""Environmental science""], [""C71924100"",""Medicine""], [""C192562407"",""Materials science""]]",False,False,327,1179.4,70.7801,8.442676,48.0,70.7801,59.8697,60,1109,27,32,0,2,38,2016-2025,,,208,6.0,0.6,low,low,low,low,low,low,medium
issn:0378-1135,0378-1135,Veterinary Microbiology,"['0378-1135', '1873-2542']",Elsevier BV,Biology,"Biology,Genetics,Medicine","[[""C86803240"",""Biology""], [""C71924100"",""Medicine""], [""C185592680"",""Chemistry""], [""C127313418"",""Geology""]]",False,False,3606,7524.4,500.212,8.544609,49.0,500.212,77.2011,77,7024,21,56,0,1,22,2016-2025,,,2581,50.8,5.2,low,high,high,high,high,high,high
issn:0927-0256,0927-0256,Computational Materials Science,"['0927-0256', '1879-0801']",Elsevier BV,Materials science,"Chemistry,Materials science,Physics","[[""C192562407"",""Materials science""], [""C121332964"",""Physics""], [""C185592680"",""Chemistry""], [""C127413603"",""Engineering""], [""C41008148"",""Computer science""], [""C33923547"",""Mathematics""], [""C86803240"",""Biology""], [""C127313418"",""Geology""], [""C205649164"",""Geography""]]",False,False,1425,5186.4,365.1905,8.815301,50.0,365.1905,61.624,62,4821,20,41,0,2,36,2016-2025,,,1120,16.6,1.4,low,medium,medium,high,high,high,high
issn:1742-7061,1742-7061,Acta Biomaterialia,"['1742-7061', '1878-7568']",Elsevier BV,Materials science,"Biology,Chemistry,Materials science","[[""C192562407"",""Materials science""], [""C185592680"",""Chemistry""], [""C86803240"",""Biology""], [""C71924100"",""Medicine""], [""C127413603"",""Engineering""], [""C121332964"",""Physics""], [""C41008148"",""Computer science""], [""C127313418"",""Geology""]]",False,False,777,2283.2,120.2076,8.964525,51.0,120.2076,68.9432,69,2163,39,30,0,2,30,2016-2025,,,455,16.2,1.6,low,low,low,medium,low,high,high
issn:1537-5110,1537-5110,Biosystems Engineering,"['1537-5110', '1537-5129']",Elsevier BV,Engineering,"Biology,Engineering,Physics","[[""C127413603"",""Engineering""], [""C86803240"",""Biology""], [""C121332964"",""Physics""], [""C39432304"",""Environmental science""], [""C41008148"",""Computer science""], [""C205649164"",""Geography""], [""C127313418"",""Geology""], [""C33923547"",""Mathematics""], [""C185592680"",""Chemistry""], [""C192562407"",""Materials science""], [""C95457728"",""History""]]",False,False,808,2295.8,170.8825,8.979694,52.0,170.8825,70.7045,71,2125,29,42,0,1,28,2016-2025,,,686,10.2,0.2,low,low,low,medium,medium,medium,low
issn:0749-3797,0749-3797,American Journal of Preventive Medicine,"['0749-3797', '1873-2607']",Elsevier BV,Medicine,"Biology,Medicine,Political science","[[""C71924100"",""Medicine""], [""C86803240"",""Biology""], [""C17744445"",""Political science""], [""C15744967"",""Psychology""], [""C144024400"",""Sociology""], [""C162324750"",""Economics""], [""C185592680"",""Chemistry""], [""C33923547"",""Mathematics""], [""C41008148"",""Computer science""]]",False,True,859,1768.6,125.9485,9.000052,53.0,125.9485,78.7509,79,1643,54,25,0,1,20,2016-2025,,,697,14.2,0.2,low,low,low,medium,medium,medium,low
issn:1364-0321,1364-0321,Renewable and Sustainable Energy Reviews,"['1364-0321', '1879-0690']",Elsevier BV,Engineering,"Biology,Ecology,Engineering","[[""C41008148"",""Computer science""], [""C205649164"",""Geography""], [""C127313418"",""Geology""], [""C185592680"",""Chemistry""], [""C33923547"",""Mathematics""], [""C144133560"",""Business""], [""C17744445"",""Political science""], [""C192562407"",""Materials science""], [""C127413603"",""Engineering""], [""C86803240"",""Biology""], [""C121332964"",""Physics""], [""C162324750"",""Economics""], [""C39432304"",""Environmental science""]]",False,False,2879,5702.4,421.3991,9.003208,54.0,421.3991,79.6238,80,5281,42,38,0,1,19,2016-2025,,,2433,38.6,0.6,low,medium,medium,high,high,high,medium
issn:0346-251X,0346-251X,System,"['0346-251X', '1879-3282']",Elsevier BV,Computer science,"Computer science,Philosophy,Psychology","[[""C41008148"",""Computer science""], [""C15744967"",""Psychology""], [""C138885662"",""Philosophy""], [""C33923547"",""Mathematics""], [""C144024400"",""Sociology""], [""C17744445"",""Political science""], [""C86803240"",""Biology""], [""C162324750"",""Economics""], [""C71924100"",""Medicine""], [""C121332964"",""Physics""]]",False,False,638,2049.0,153.5406,9.150902,55.0,153.5406,67.5528,68,1895,30,38,0,2,31,2016-2025,,,557,6.2,0.2,low,low,low,medium,medium,low,low
issn:0963-9969,0963-9969,Food Research International,"['0963-9969', '1873-7145']",Elsevier BV,Chemistry,"Biology,Chemistry,Food science","[[""C71924100"",""Medicine""], [""C127413603"",""Engineering""], [""C192562407"",""Materials science""], [""C127313418"",""Geology""], [""C41008148"",""Computer science""], [""C185592680"",""Chemistry""], [""C86803240"",""Biology""], [""C121332964"",""Physics""]]",False,True,1532,5677.6,396.2692,9.172088,56.0,396.2692,62.4225,62,5281,22,40,0,2,36,2016-2025,,,1241,21.2,0.8,low,medium,medium,high,high,high,high
issn:0925-8388,0925-8388,Journal of alloys and compounds,"['0925-8388', '1873-4669']",,Materials science,"Chemistry,Materials science,Physics","[[""C192562407"",""Materials science""], [""C185592680"",""Chemistry""], [""C121332964"",""Physics""], [""C127413603"",""Engineering""], [""C86803240"",""Biology""], [""C127313418"",""Geology""], [""C41008148"",""Computer science""]]",False,False,5193,24195.2,1763.26,9.185504,57.0,1763.26,52.9728,53,22432,13,40,0,2,45,2016-2025,,,4411,42.2,3.6,low,high,high,high,high,high,high
issn:0006-3495,0006-3495,Biophysical journal,"['0006-3495', '1542-0086']",,Chemistry,"Biochemistry,Biology,Chemistry","[[""C185592680"",""Chemistry""], [""C86803240"",""Biology""], [""C121332964"",""Physics""], [""C71924100"",""Medicine""], [""C192562407"",""Materials science""], [""C127413603"",""Engineering""], [""C15744967"",""Psychology""]]",False,True,1793,3694.8,205.9904,9.196264,58.0,205.9904,78.8448,79,3489,76,2,0,1,20,2016-2025,,12,1146,24.8,4.0,low,medium,medium,high,high,high,high
issn:0888-3270,0888-3270,Mechanical Systems and Signal Processing,"['0888-3270', '1096-1216']",Elsevier BV,Computer science,"Computer science,Engineering,Physics","[[""C41008148"",""Computer science""], [""C127413603"",""Engineering""], [""C121332964"",""Physics""], [""C33923547"",""Mathematics""], [""C192562407"",""Materials science""], [""C162324750"",""Economics""], [""C86803240"",""Biology""], [""C185592680"",""Chemistry""]]",False,False,1001,4249.0,268.2901,9.213365,59.0,268.2901,56.8329,57,3981,22,35,0,2,41,2016-2025,,,731,19.0,0.8,low,medium,medium,medium,medium,high,high
issn:0095-0696,0095-0696,Journal of Environmental Economics and Management,"['0095-0696', '1096-0449']",Elsevier BV,Economics,"Biology,Ecology,Economics","[[""C162324750"",""Economics""], [""C86803240"",""Biology""], [""C144133560"",""Business""], [""C41008148"",""Computer science""], [""C17744445"",""Political science""], [""C33923547"",""Mathematics""], [""C127413603"",""Engineering""], [""C205649164"",""Geography""], [""C121332964"",""Physics""], [""C138885662"",""Philosophy""], [""C39432304"",""Environmental science""], [""C127313418"",""Geology""], [""C95457728"",""History""]]",False,False,768,2288.2,142.8962,9.694452,60.0,142.8962,71.17,71,2145,42,30,0,1,27,2016-2025,,,583,6.6,1.2,low,low,low,medium,medium,low,high
issn:0021-9975,0021-9975,Journal of Comparative Pathology,"['0021-9975', '1532-3129']",Elsevier BV,Biology,"Biology,Internal medicine,Medicine","[[""C185592680"",""Chemistry""], [""C127313418"",""Geology""], [""C15744967"",""Psychology""], [""C86803240"",""Biology""], [""C71924100"",""Medicine""]]",False,False,594,1782.0,124.0267,9.696168,61.0,124.0267,71.2337,71,1658,16,56,0,1,27,2016-2025,,,507,8.8,0.0,low,low,low,low,medium,medium,low
issn:1360-1385,1360-1385,Trends in Plant Science,"['1360-1385', '1878-4372']",Elsevier BV,Biology,"Biology,Chemistry,Genetics","[[""C86803240"",""Biology""], [""C185592680"",""Chemistry""], [""C71924100"",""Medicine""], [""C121332964"",""Physics""], [""C127313418"",""Geology""]]",False,False,1681,4523.0,277.2927,9.749391,62.0,277.2927,74.0996,74,4246,32,42,0,1,25,2016-2025,,,1260,28.4,1.4,low,medium,medium,high,high,high,high
issn:0378-4290,0378-4290,Field Crops Research,"['0378-4290', '1872-6852']",Elsevier BV,Biology,"Agronomy,Biology,Ecology","[[""C86803240"",""Biology""], [""C185592680"",""Chemistry""], [""C205649164"",""Geography""], [""C39432304"",""Environmental science""], [""C121332964"",""Physics""], [""C127313418"",""Geology""], [""C192562407"",""Materials science""], [""C95457728"",""History""], [""C33923547"",""Mathematics""], [""C71924100"",""Medicine""]]",False,False,2657,5729.8,355.1497,9.873077,63.0,355.1497,79.5127,80,5375,41,39,0,1,19,2016-2025,,,2039,42.0,2.0,low,medium,medium,high,high,high,high
issn:0141-8130,0141-8130,International Journal of Biological Macromolecules,"['0141-8130', '1879-0003']",Elsevier BV,Chemistry,"Biochemistry,Biology,Chemistry","[[""C185592680"",""Chemistry""], [""C86803240"",""Biology""], [""C121332964"",""Physics""], [""C192562407"",""Materials science""], [""C127413603"",""Engineering""], [""C71924100"",""Medicine""], [""C127313418"",""Geology""]]",False,False,1261,6936.6,428.3607,9.903397,64.0,428.3607,47.8692,48,6508,15,33,0,3,50,2016-2025,,,967,15.4,1.4,low,medium,medium,high,high,medium,high
issn:1090-0233,1090-0233,The Veterinary Journal,"['1090-0233', '1532-2971']",Elsevier BV,Medicine,"Biology,Internal medicine,Medicine","[[""C71924100"",""Medicine""], [""C86803240"",""Biology""], [""C185592680"",""Chemistry""], [""C15744967"",""Psychology""], [""C127313418"",""Geology""], [""C121332964"",""Physics""], [""C41008148"",""Computer science""]]",False,False,1628,2115.8,150.1934,9.985247,65.0,150.1934,87.9099,88,1966,39,49,0,1,11,2016-2025,,,1462,14.8,0.2,low,low,low,high,high,medium,low
issn:0263-2241,0263-2241,Measurement,"['0263-2241', '1873-412X']",Elsevier BV,Computer science,"Computer science,Engineering,Physics","[[""C41008148"",""Computer science""], [""C127413603"",""Engineering""], [""C121332964"",""Physics""], [""C33923547"",""Mathematics""], [""C192562407"",""Materials science""], [""C86803240"",""Biology""], [""C185592680"",""Chemistry""], [""C127313418"",""Geology""], [""C205649164"",""Geography""], [""C15744967"",""Psychology""]]",False,True,756,4488.2,307.1187,10.041149,66.0,307.1187,44.8883,45,4181,13,31,0,3,52,2016-2025,,,656,6.0,0.4,low,medium,medium,medium,medium,low,medium
issn:1048-9843,1048-9843,The Leadership Quarterly,"['1048-9843', '1873-3409']",Elsevier BV,Psychology,"Political science,Psychology,Social psychology","[[""C15744967"",""Psychology""], [""C17744445"",""Political science""], [""C162324750"",""Economics""], [""C41008148"",""Computer science""], [""C138885662"",""Philosophy""], [""C144024400"",""Sociology""], [""C33923547"",""Mathematics""], [""C86803240"",""Biology""], [""C121332964"",""Physics""], [""C127413603"",""Engineering""], [""C144133560"",""Business""]]",False,False,868,1353.0,80.7926,10.072623,67.0,80.7926,85.4423,85,1272,26,59,0,1,14,2016-2025,,,653,13.8,0.8,low,low,low,medium,medium,medium,high
issn:0007-6813,0007-6813,Business Horizons,"['0007-6813', '1873-6068']",Elsevier BV,Business,"Business,Economics,Political science","[[""C144133560"",""Business""], [""C162324750"",""Economics""], [""C17744445"",""Political science""], [""C41008148"",""Computer science""], [""C127413603"",""Engineering""], [""C33923547"",""Mathematics""], [""C15744967"",""Psychology""], [""C138885662"",""Philosophy""], [""C121332964"",""Physics""]]",False,False,417,867.0,63.0726,10.267996,68.0,63.0726,81.2319,81,804,39,42,0,1,18,2016-2025,,,395,2.2,0.0,low,low,low,low,low,low,low
issn:2210-6707,2210-6707,Sustainable Cities and Society,"['2210-6707', '2210-6715']",Elsevier BV,Engineering,"Biology,Engineering,Geography","[[""C127413603"",""Engineering""], [""C86803240"",""Biology""], [""C205649164"",""Geography""], [""C121332964"",""Physics""], [""C41008148"",""Computer science""], [""C162324750"",""Economics""], [""C39432304"",""Environmental science""], [""C33923547"",""Mathematics""], [""C127313418"",""Geology""], [""C95457728"",""History""], [""C17744445"",""Political science""], [""C144133560"",""Business""], [""C71924100"",""Medicine""], [""C138885662"",""Philosophy""], [""C144024400"",""Sociology""]]",False,False,537,2941.6,160.6909,10.390003,69.0,160.6909,50.1957,50,2781,29,22,0,2,47,2016-2025,,,380,9.8,0.6,low,low,low,low,low,medium,medium
issn:0924-2716,0924-2716,ISPRS Journal of Photogrammetry and Remote Sensing,"['0924-2716', '1872-8235']",Elsevier BV,Computer science,"Computer science,Geography,Geology","[[""C41008148"",""Computer science""], [""C205649164"",""Geography""], [""C127313418"",""Geology""], [""C121332964"",""Physics""], [""C127413603"",""Engineering""], [""C33923547"",""Mathematics""], [""C86803240"",""Biology""], [""C39432304"",""Environmental science""], [""C15744967"",""Psychology""]]",False,True,471,1475.8,85.5096,10.48921,70.0,85.5096,71.8738,72,1390,38,33,0,1,27,2016-2025,,,358,7.4,0.4,low,low,low,low,low,medium,medium
issn:0360-3199,0360-3199,International journal of hydrogen energy,"['0360-3199', '1879-3487']",,Physics,"Chemistry,Organic chemistry,Physics","[[""C121332964"",""Physics""], [""C185592680"",""Chemistry""], [""C127413603"",""Engineering""], [""C192562407"",""Materials science""], [""C86803240"",""Biology""], [""C41008148"",""Computer science""], [""C127313418"",""Geology""], [""C33923547"",""Mathematics""], [""C39432304"",""Environmental science""]]",False,True,1326,6306.4,431.1559,10.639332,71.0,431.1559,58.342,58,5875,16,43,0,2,40,2016-2025,,,1218,8.8,0.2,low,medium,medium,high,high,medium,low
issn:1054-139X,1054-139X,Journal of Adolescent Health,"['1054-139X', '1879-1972']",Elsevier BV,Medicine,"Medicine,Psychology,Sociology","[[""C71924100"",""Medicine""], [""C15744967"",""Psychology""], [""C144024400"",""Sociology""], [""C86803240"",""Biology""], [""C17744445"",""Political science""], [""C162324750"",""Economics""], [""C33923547"",""Mathematics""], [""C41008148"",""Computer science""]]",False,False,586,1869.0,120.6899,10.886685,72.0,120.6899,72.5954,73,1748,39,34,0,1,26,2016-2025,,,518,6.8,0.0,low,low,low,low,medium,low,low
issn:0747-5632,0747-5632,Computers in Human Behavior,"['0747-5632', '1873-7692']",Elsevier BV,Psychology,"Computer science,Psychology,Social psychology","[[""C162324750"",""Economics""], [""C121332964"",""Physics""], [""C127413603"",""Engineering""], [""C144133560"",""Business""], [""C205649164"",""Geography""], [""C15744967"",""Psychology""], [""C41008148"",""Computer science""], [""C17744445"",""Political science""], [""C138885662"",""Philosophy""], [""C33923547"",""Mathematics""], [""C86803240"",""Biology""], [""C71924100"",""Medicine""], [""C144024400"",""Sociology""]]",False,False,2002,5408.6,353.8272,11.005624,73.0,353.8272,77.0582,77,5055,42,35,0,1,22,2016-2025,,,1814,14.8,0.4,low,medium,medium,high,high,medium,medium
issn:0360-5442,0360-5442,Energy,"['0360-5442', '1873-6785']",,Engineering,"Engineering,Physics,Thermodynamics","[[""C127413603"",""Engineering""], [""C121332964"",""Physics""], [""C86803240"",""Biology""], [""C185592680"",""Chemistry""], [""C41008148"",""Computer science""], [""C33923547"",""Mathematics""], [""C39432304"",""Environmental science""], [""C205649164"",""Geography""], [""C192562407"",""Materials science""], [""C162324750"",""Economics""], [""C127313418"",""Geology""]]",False,False,1575,8859.8,561.492,11.047699,74.0,561.492,52.3201,52,8298,15,38,0,2,45,2016-2025,,,1385,19.0,0.0,low,high,high,high,high,high,low
issn:1074-7613,1074-7613,Immunity,"['1074-7613', '1097-4180']",Cell Press,Biology,"Biology,Genetics,Medicine","[[""C86803240"",""Biology""], [""C71924100"",""Medicine""], [""C185592680"",""Chemistry""], [""C121332964"",""Physics""]]",False,False,577,1532.8,92.6276,11.115862,75.0,92.6276,77.5359,78,1440,75,3,0,1,21,2016-2025,,12,485,9.2,0.0,low,low,low,low,low,medium,low
issn:0304-8853,0304-8853,Journal of magnetism and magnetic materials,"['0304-8853', '1873-4766']",,Physics,"Materials science,Physics,Quantum mechanics","[[""C121332964"",""Physics""], [""C192562407"",""Materials science""], [""C185592680"",""Chemistry""], [""C127413603"",""Engineering""], [""C33923547"",""Mathematics""], [""C86803240"",""Biology""], [""C41008148"",""Computer science""]]",False,False,3060,14697.8,909.0034,11.125767,76.0,909.0034,59.5014,60,13789,12,47,0,2,38,2016-2025,,,2641,26.0,1.6,low,high,high,high,high,high,high
issn:0960-1481,0960-1481,Renewable Energy,"['0960-1481', '1879-0682']",Elsevier BV,Engineering,"Biology,Engineering,Physics","[[""C127413603"",""Engineering""], [""C121332964"",""Physics""], [""C86803240"",""Biology""], [""C39432304"",""Environmental science""], [""C205649164"",""Geography""], [""C127313418"",""Geology""], [""C185592680"",""Chemistry""], [""C41008148"",""Computer science""], [""C33923547"",""Mathematics""], [""C192562407"",""Materials science""], [""C162324750"",""Economics""]]",False,False,1551,8016.4,447.0051,11.370155,77.0,447.0051,57.0839,57,7569,20,37,0,2,41,2016-2025,,,1225,24.6,0.8,low,high,high,high,high,high,high
issn:1878-0180,1878-0180,Journal of the mechanical behavior of biomedical materials/Journal of mechanical behavior of biomedical materials,"['1878-0180', '1751-6161']",Elsevier BV,Materials science,"Composite material,Engineering,Materials science","[[""C192562407"",""Materials science""], [""C127413603"",""Engineering""], [""C121332964"",""Physics""], [""C185592680"",""Chemistry""], [""C71924100"",""Medicine""], [""C86803240"",""Biology""], [""C41008148"",""Computer science""], [""C127313418"",""Geology""], [""C33923547"",""Mathematics""]]",False,False,631,2966.6,165.1584,11.406508,78.0,165.1584,61.0808,61,2801,28,33,0,2,37,2016-2025,,,499,7.2,0.6,low,low,low,medium,medium,low,medium
issn:0093-691X,0093-691X,Theriogenology,"['0093-691X', '1879-3231']",Elsevier BV,Biology,"Biology,Genetics,Medicine","[[""C86803240"",""Biology""], [""C71924100"",""Medicine""], [""C185592680"",""Chemistry""], [""C127313418"",""Geology""]]",False,False,1490,5192.8,297.5823,11.436798,79.0,297.5823,71.2787,71,4895,18,54,0,1,27,2016-2025,,,1219,21.2,0.6,low,medium,medium,high,high,high,medium
issn:1161-0301,1161-0301,European Journal of Agronomy,"['1161-0301', '1873-7331']",Elsevier BV,Biology,"Agronomy,Biology,Ecology","[[""C86803240"",""Biology""], [""C39432304"",""Environmental science""], [""C205649164"",""Geography""], [""C121332964"",""Physics""], [""C185592680"",""Chemistry""], [""C127313418"",""Geology""], [""C95457728"",""History""], [""C192562407"",""Materials science""], [""C33923547"",""Mathematics""], [""C127413603"",""Engineering""]]",False,True,967,2624.4,139.0516,11.757433,80.0,139.0516,78.1416,78,2485,37,41,0,1,21,2016-2025,,,748,16.0,0.6,low,low,low,medium,medium,high,medium
issn:0306-2619,0306-2619,Applied Energy,"['0306-2619', '1872-9118']",Elsevier BV,Engineering,"Engineering,Physics,Quantum mechanics","[[""C127413603"",""Engineering""], [""C121332964"",""Physics""], [""C86803240"",""Biology""], [""C41008148"",""Computer science""], [""C33923547"",""Mathematics""], [""C185592680"",""Chemistry""], [""C39432304"",""Environmental science""], [""C162324750"",""Economics""], [""C205649164"",""Geography""], [""C127313418"",""Geology""], [""C192562407"",""Materials science""]]",False,False,2291,9953.8,564.3719,11.760866,81.0,564.3719,65.1548,65,9389,29,36,0,2,33,2016-2025,,,1905,30.6,0.8,low,high,high,high,high,high,high
issn:0921-3449,0921-3449,Resources Conservation and Recycling,"['0921-3449', '1879-0658']",Elsevier BV,Engineering,"Biology,Ecology,Engineering","[[""C127413603"",""Engineering""], [""C86803240"",""Biology""], [""C39432304"",""Environmental science""], [""C162324750"",""Economics""], [""C205649164"",""Geography""], [""C144133560"",""Business""], [""C185592680"",""Chemistry""], [""C41008148"",""Computer science""], [""C121332964"",""Physics""], [""C95457728"",""History""], [""C17744445"",""Political science""], [""C192562407"",""Materials science""], [""C127313418"",""Geology""], [""C33923547"",""Mathematics""]]",False,False,1360,5742.0,331.8753,11.943795,82.0,331.8753,66.6927,67,5410,39,28,0,2,32,2016-2025,,,1172,10.8,0.8,low,medium,medium,high,high,medium,high
issn:0165-2427,0165-2427,Veterinary Immunology and Immunopathology,"['0165-2427', '1873-2534']",Elsevier BV,Biology,"Biology,Genetics,Medicine","[[""C86803240"",""Biology""], [""C71924100"",""Medicine""], [""C185592680"",""Chemistry""]]",False,False,1229,3146.4,144.2583,12.088124,83.0,144.2583,79.7874,80,3002,35,45,0,1,19,2016-2025,,,840,21.2,1.8,low,low,low,high,medium,high,high
issn:0926-5805,0926-5805,Automation in Construction,"['0926-5805', '1872-7891']",Elsevier BV,Computer science,"Computer science,Engineering,Mathematics","[[""C41008148"",""Computer science""], [""C127413603"",""Engineering""], [""C33923547"",""Mathematics""], [""C121332964"",""Physics""], [""C162324750"",""Economics""], [""C86803240"",""Biology""], [""C205649164"",""Geography""], [""C127313418"",""Geology""], [""C192562407"",""Materials science""], [""C144133560"",""Business""], [""C138885662"",""Philosophy""], [""C95457728"",""History""]]",False,True,669,2682.4,157.9159,12.209211,84.0,157.9159,69.074,69,2524,36,33,0,2,29,2016-2025,,,601,6.8,0.0,low,low,low,medium,medium,low,low
issn:0165-9936,0165-9936,TrAC Trends in Analytical Chemistry,"['0165-9936', '1879-3142']",Elsevier BV,Chemistry,"Biology,Chemistry,Physics","[[""C185592680"",""Chemistry""], [""C86803240"",""Biology""], [""C121332964"",""Physics""], [""C41008148"",""Computer science""], [""C127413603"",""Engineering""], [""C192562407"",""Materials science""], [""C71924100"",""Medicine""], [""C33923547"",""Mathematics""]]",False,False,1114,5073.6,287.7515,12.215056,85.0,287.7515,64.8393,65,4786,28,37,0,2,33,2016-2025,,,963,11.2,0.4,low,medium,medium,high,high,medium,medium
issn:1540-7489,1540-7489,Proceedings of the Combustion Institute,"['1540-7489', '1873-2704']",Elsevier BV,Physics,"Chemistry,Organic chemistry,Physics","[[""C127313418"",""Geology""], [""C41008148"",""Computer science""], [""C121332964"",""Physics""], [""C185592680"",""Chemistry""], [""C127413603"",""Engineering""], [""C192562407"",""Materials science""], [""C86803240"",""Biology""], [""C205649164"",""Geography""], [""C33923547"",""Mathematics""]]",False,True,267,1494.6,82.5347,12.363793,86.0,82.5347,57.1649,57,1412,24,33,0,2,41,2016-2025,,,227,2.0,0.2,low,low,low,low,low,low,low
issn:0038-0717,0038-0717,Soil Biology and Biochemistry,"['0038-0717', '1879-3428']",Elsevier BV,Biology,"Biology,Ecology,Geology","[[""C86803240"",""Biology""], [""C127313418"",""Geology""], [""C185592680"",""Chemistry""], [""C39432304"",""Environmental science""], [""C121332964"",""Physics""], [""C205649164"",""Geography""], [""C71924100"",""Medicine""], [""C127413603"",""Engineering""], [""C95457728"",""History""]]",False,False,2875,8150.8,366.68,12.726146,87.0,366.68,78.7273,79,7784,35,44,0,1,20,2016-2025,,,2028,69.0,1.6,low,high,high,high,high,high,high
issn:0261-5177,0261-5177,Tourism Management,"['0261-5177', '1879-3193']",Elsevier BV,Political science,"Geography,Law,Political science","[[""C17744445"",""Political science""], [""C205649164"",""Geography""], [""C95457728"",""History""], [""C144133560"",""Business""], [""C162324750"",""Economics""], [""C41008148"",""Computer science""], [""C144024400"",""Sociology""], [""C86803240"",""Biology""], [""C138885662"",""Philosophy""], [""C33923547"",""Mathematics""], [""C15744967"",""Psychology""], [""C121332964"",""Physics""], [""C127413603"",""Engineering""]]",False,False,1427,4303.4,224.1577,12.773538,88.0,224.1577,77.6225,78,4079,33,44,0,1,21,2016-2025,,,1178,21.0,0.4,low,medium,medium,high,high,high,medium
issn:0304-405X,0304-405X,Journal of Financial Economics,"['0304-405X', '1879-2774']",Elsevier BV,Business,"Business,Economics,Finance","[[""C144133560"",""Business""], [""C162324750"",""Economics""], [""C33923547"",""Mathematics""], [""C17744445"",""Political science""], [""C41008148"",""Computer science""], [""C205649164"",""Geography""], [""C95457728"",""History""], [""C127413603"",""Engineering""], [""C86803240"",""Biology""], [""C192562407"",""Materials science""], [""C121332964"",""Physics""], [""C138885662"",""Philosophy""]]",False,False,2015,6624.0,317.9624,13.172725,89.0,317.9624,76.2365,76,6306,40,36,0,1,23,2016-2025,,,1574,28.2,1.6,low,medium,medium,high,high,high,high
issn:0883-9026,0883-9026,Journal of Business Venturing,"['0883-9026', '1873-2003']",Elsevier BV,Business,"Business,Economics,Political science","[[""C144133560"",""Business""], [""C162324750"",""Economics""], [""C17744445"",""Political science""], [""C41008148"",""Computer science""], [""C138885662"",""Philosophy""], [""C144024400"",""Sociology""], [""C15744967"",""Psychology""], [""C33923547"",""Mathematics""], [""C121332964"",""Physics""], [""C86803240"",""Biology""], [""C205649164"",""Geography""], [""C95457728"",""History""], [""C127413603"",""Engineering""]]",False,False,1852,2315.4,133.5724,13.174137,90.0,133.5724,91.0577,91,2182,43,48,0,0,8,2016-2025,,,1757,7.6,0.2,low,low,low,high,high,medium,low
issn:0378-7753,0378-7753,Journal of power sources,"['0378-7753', '1873-2755']",,Physics,"Chemistry,Physics,Quantum mechanics","[[""C127413603"",""Engineering""], [""C192562407"",""Materials science""], [""C86803240"",""Biology""], [""C41008148"",""Computer science""], [""C71924100"",""Medicine""], [""C121332964"",""Physics""], [""C185592680"",""Chemistry""]]",False,False,3927,15627.8,851.4628,13.189527,91.0,851.4628,71.4735,71,14776,18,53,0,1,27,2016-2025,,,3512,31.6,1.0,low,high,high,high,high,high,high
issn:0195-6663,0195-6663,Appetite,"['0195-6663', '1095-8304']",Elsevier BV,Psychology,"Biology,Medicine,Psychology","[[""C15744967"",""Psychology""], [""C71924100"",""Medicine""], [""C86803240"",""Biology""], [""C185592680"",""Chemistry""], [""C144024400"",""Sociology""], [""C138885662"",""Philosophy""], [""C41008148"",""Computer science""], [""C33923547"",""Mathematics""], [""C162324750"",""Economics""], [""C121332964"",""Physics""]]",False,False,1180,3845.8,201.0397,13.271996,92.0,201.0397,76.7339,77,3645,51,26,0,1,22,2016-2025,,,1017,14.4,0.2,low,medium,medium,high,high,medium,low
issn:0308-8146,0308-8146,Food chemistry,"['0308-8146', '1873-7072']",,Chemistry,"Biology,Chemistry,Organic chemistry","[[""C185592680"",""Chemistry""], [""C86803240"",""Biology""], [""C121332964"",""Physics""], [""C71924100"",""Medicine""], [""C192562407"",""Materials science""], [""C127413603"",""Engineering""]]",False,False,3230,17934.4,782.7249,13.391481,93.0,782.7249,60.3474,60,17152,17,43,0,2,38,2016-2025,,,2322,46.8,4.4,low,high,high,high,high,high,high
issn:0264-8377,0264-8377,Land Use Policy,"['0264-8377', '1873-5754']",Elsevier BV,Geography,"Biology,Economics,Geography","[[""C205649164"",""Geography""], [""C162324750"",""Economics""], [""C86803240"",""Biology""], [""C144133560"",""Business""], [""C95457728"",""History""], [""C17744445"",""Political science""], [""C39432304"",""Environmental science""], [""C127413603"",""Engineering""], [""C41008148"",""Computer science""], [""C144024400"",""Sociology""], [""C138885662"",""Philosophy""], [""C127313418"",""Geology""], [""C33923547"",""Mathematics""], [""C121332964"",""Physics""]]",False,False,665,3151.4,136.0721,13.575363,94.0,136.0721,66.5989,67,3015,32,35,0,2,32,2016-2025,,,479,10.6,0.8,low,low,low,medium,low,medium,high
issn:0926-3373,0926-3373,Applied Catalysis B Environment and Energy,"['0926-3373', '1873-3883']",Elsevier BV,Chemistry,"Biology,Chemistry,Organic chemistry","[[""C41008148"",""Computer science""], [""C127313418"",""Geology""], [""C185592680"",""Chemistry""], [""C86803240"",""Biology""], [""C192562407"",""Materials science""], [""C121332964"",""Physics""], [""C127413603"",""Engineering""]]",False,False,1692,10123.8,507.675,13.59114,95.0,507.675,58.1956,58,9616,19,39,0,2,40,2016-2025,,,1429,20.4,0.6,low,high,high,high,high,high,medium
issn:0021-9991,0021-9991,Journal of Computational Physics,"['0021-9991', '1090-2716']",Elsevier BV,Mathematics,"Mathematics,Physics,Quantum mechanics","[[""C86803240"",""Biology""], [""C192562407"",""Materials science""], [""C33923547"",""Mathematics""], [""C121332964"",""Physics""], [""C41008148"",""Computer science""], [""C127413603"",""Engineering""], [""C205649164"",""Geography""], [""C127313418"",""Geology""], [""C185592680"",""Chemistry""]]",False,False,2145,9454.0,379.2314,13.597855,96.0,379.2314,68.8903,69,9075,21,48,0,2,30,2016-2025,,,1434,51.2,2.0,low,high,high,high,high,high,high
issn:0896-6273,0896-6273,Neuron,"['0896-6273', '1097-4199']",Cell Press,Biology,"Biology,Neuroscience,Psychology","[[""C86803240"",""Biology""], [""C15744967"",""Psychology""], [""C71924100"",""Medicine""], [""C185592680"",""Chemistry""], [""C121332964"",""Physics""], [""C41008148"",""Computer science""]]",False,False,837,2021.6,100.0392,13.758163,97.0,100.0392,83.3131,83,1922,81,2,0,1,16,2016-2025,,12,705,13.2,0.0,low,low,low,medium,medium,medium,low
issn:1878-1861,1878-1861,Journal of science and medicine in sport,"['1878-1861', '1440-2440']",Elsevier BV,Medicine,"Biology,Medicine,Physical therapy","[[""C71924100"",""Medicine""], [""C86803240"",""Biology""], [""C15744967"",""Psychology""], [""C121332964"",""Physics""], [""C41008148"",""Computer science""], [""C17744445"",""Political science""], [""C127413603"",""Engineering""], [""C33923547"",""Mathematics""], [""C205649164"",""Geography""], [""C144024400"",""Sociology""], [""C95457728"",""History""]]",False,False,312,968.8,50.3228,13.828706,98.0,50.3228,78.7312,79,918,68,11,0,1,20,2016-2025,,,278,3.4,0.0,low,low,low,low,low,low,low
issn:0091-7435,0091-7435,Preventive Medicine,"['0091-7435', '1096-0260']",Elsevier BV,Medicine,"Biology,Internal medicine,Medicine","[[""C144024400"",""Sociology""], [""C15744967"",""Psychology""], [""C33923547"",""Mathematics""], [""C17744445"",""Political science""], [""C162324750"",""Economics""], [""C41008148"",""Computer science""], [""C185592680"",""Chemistry""], [""C71924100"",""Medicine""], [""C86803240"",""Biology""]]",False,False,799,3687.0,197.875,13.865324,99.0,197.875,68.5177,69,3489,44,24,0,2,30,2016-2025,,,739,6.0,0.0,low,medium,medium,medium,medium,low,low
issn:0740-0020,0740-0020,Food Microbiology,"['0740-0020', '1095-9998']",Elsevier BV,Biology,"Biology,Chemistry,Genetics","[[""C86803240"",""Biology""], [""C185592680"",""Chemistry""], [""C127313418"",""Geology""], [""C71924100"",""Medicine""], [""C121332964"",""Physics""], [""C127413603"",""Engineering""]]",False,False,626,2857.4,129.5732,13.96855,100.0,129.5732,68.8224,69,2728,25,44,0,2,30,2016-2025,,,489,5.8,0.8,low,low,low,medium,low,low,high
issn:0016-2361,0016-2361,Fuel,"['0016-2361', '1873-7153']",,Chemistry,"Chemistry,Engineering,Organic chemistry","[[""C185592680"",""Chemistry""], [""C127413603"",""Engineering""], [""C121332964"",""Physics""], [""C86803240"",""Biology""], [""C192562407"",""Materials science""], [""C205649164"",""Geography""], [""C127313418"",""Geology""], [""C95457728"",""History""], [""C39432304"",""Environmental science""], [""C41008148"",""Computer science""]]",False,False,1423,10553.0,485.6873,14.055427,101.0,485.6873,49.6809,50,10067,14,36,0,3,48,2016-2025,,,1136,24.8,0.4,low,high,high,high,high,high,medium
issn:1090-7807,1090-7807,Journal of Magnetic Resonance,"['1090-7807', '1096-0856']",Elsevier BV,Physics,"Chemistry,Physics,Quantum mechanics","[[""C121332964"",""Physics""], [""C185592680"",""Chemistry""], [""C192562407"",""Materials science""], [""C127413603"",""Engineering""], [""C41008148"",""Computer science""], [""C71924100"",""Medicine""], [""C86803240"",""Biology""], [""C33923547"",""Mathematics""], [""C15744967"",""Psychology""]]",False,True,1537,6476.2,298.9602,14.357367,102.0,298.9602,72.0038,72,6177,34,38,0,1,27,2016-2025,,,1256,18.2,1.0,low,medium,medium,high,high,high,high
issn:0167-5877,0167-5877,Preventive Veterinary Medicine,"['0167-5877', '1873-1716']",Elsevier BV,Medicine,"Biology,Medicine,Veterinary medicine","[[""C71924100"",""Medicine""], [""C86803240"",""Biology""], [""C205649164"",""Geography""], [""C41008148"",""Computer science""], [""C33923547"",""Mathematics""], [""C127313418"",""Geology""], [""C144024400"",""Sociology""], [""C185592680"",""Chemistry""], [""C162324750"",""Economics""], [""C127413603"",""Engineering""]]",False,False,2079,5935.8,238.6706,14.359332,103.0,238.6706,80.9148,81,5697,47,34,0,1,18,2016-2025,,,1471,19.0,4.2,medium,medium,medium,high,high,high,high
issn:0190-7409,0190-7409,Children and Youth Services Review,"['0190-7409', '1873-7765']",Elsevier BV,Psychology,"Medicine,Political science,Psychology","[[""C15744967"",""Psychology""], [""C71924100"",""Medicine""], [""C17744445"",""Political science""], [""C144024400"",""Sociology""], [""C162324750"",""Economics""], [""C41008148"",""Computer science""], [""C86803240"",""Biology""], [""C33923547"",""Mathematics""], [""C138885662"",""Philosophy""], [""C205649164"",""Geography""], [""C144133560"",""Business""], [""C121332964"",""Physics""]]",False,False,857,4524.2,217.2656,14.378283,104.0,217.2656,65.0658,65,4307,28,37,0,2,33,2016-2025,,,732,2.6,1.0,medium,medium,medium,medium,medium,low,high
issn:0981-9428,0981-9428,Plant Physiology and Biochemistry,"['0981-9428', '1873-2690']",Elsevier BV,Biology,"Biochemistry,Biology,Chemistry","[[""C86803240"",""Biology""], [""C185592680"",""Chemistry""], [""C121332964"",""Physics""], [""C71924100"",""Medicine""], [""C127313418"",""Geology""], [""C192562407"",""Materials science""]]",False,True,488,2878.6,143.3843,14.424125,105.0,143.3843,61.1592,61,2735,22,39,0,2,37,2016-2025,,,434,5.4,0.0,medium,low,low,low,low,low,low
issn:1558-7878,1558-7878,Journal of Veterinary Behavior,"['1558-7878', '1878-7517']",Elsevier BV,Psychology,"Biology,Medicine,Psychology","[[""C15744967"",""Psychology""], [""C86803240"",""Biology""], [""C71924100"",""Medicine""], [""C41008148"",""Computer science""], [""C127313418"",""Geology""], [""C121332964"",""Physics""], [""C144024400"",""Sociology""], [""C127413603"",""Engineering""], [""C33923547"",""Mathematics""], [""C138885662"",""Philosophy""], [""C205649164"",""Geography""], [""C185592680"",""Chemistry""]]",False,True,193,804.8,42.6098,14.42482,106.0,42.6098,72.6488,73,762,26,47,0,1,26,2016-2025,,,183,1.0,0.0,medium,low,low,low,low,low,low
issn:0141-0296,0141-0296,Engineering Structures,"['0141-0296', '1873-7323']",Elsevier BV,Engineering,"Engineering,Physics,Structural engineering","[[""C127413603"",""Engineering""], [""C121332964"",""Physics""], [""C192562407"",""Materials science""], [""C41008148"",""Computer science""], [""C33923547"",""Mathematics""], [""C127313418"",""Geology""], [""C86803240"",""Biology""], [""C205649164"",""Geography""], [""C185592680"",""Chemistry""], [""C95457728"",""History""]]",False,False,1382,7907.6,241.3509,14.426973,107.0,241.3509,61.5583,62,7666,28,34,0,2,37,2016-2025,,,739,40.4,2.4,medium,high,high,high,medium,high,high
issn:1568-4946,1568-4946,Applied Soft Computing,"['1568-4946', '1872-9681']",Elsevier BV,Computer science,"Artificial intelligence,Computer science,Mathematics","[[""C127313418"",""Geology""], [""C205649164"",""Geography""], [""C185592680"",""Chemistry""], [""C41008148"",""Computer science""], [""C33923547"",""Mathematics""], [""C127413603"",""Engineering""], [""C138885662"",""Philosophy""], [""C121332964"",""Physics""], [""C86803240"",""Biology""], [""C162324750"",""Economics""], [""C15744967"",""Psychology""]]",False,True,258,2114.4,95.6169,14.607426,108.0,95.6169,46.3849,46,2019,12,34,0,3,51,2016-2025,,,210,4.8,0.0,medium,low,low,low,low,low,low
issn:0167-1987,0167-1987,Soil and Tillage Research,"['0167-1987', '1879-3444']",Elsevier BV,Environmental science,"Biology,Ecology,Environmental science","[[""C39432304"",""Environmental science""], [""C86803240"",""Biology""], [""C127313418"",""Geology""], [""C205649164"",""Geography""], [""C127413603"",""Engineering""], [""C185592680"",""Chemistry""], [""C95457728"",""History""], [""C121332964"",""Physics""], [""C192562407"",""Materials science""], [""C33923547"",""Mathematics""]]",False,True,1490,6403.2,258.713,14.809701,109.0,258.713,72.154,72,6144,31,42,0,1,26,2016-2025,,,1093,27.8,1.2,medium,medium,medium,high,high,high,high
issn:0019-8501,0019-8501,Industrial Marketing Management,"['0019-8501', '1873-2062']",Elsevier BV,Business,"Business,Economics,Marketing","[[""C144133560"",""Business""], [""C162324750"",""Economics""], [""C41008148"",""Computer science""], [""C17744445"",""Political science""], [""C33923547"",""Mathematics""], [""C127413603"",""Engineering""], [""C86803240"",""Biology""], [""C138885662"",""Philosophy""], [""C15744967"",""Psychology""], [""C121332964"",""Physics""], [""C144024400"",""Sociology""], [""C205649164"",""Geography""]]",False,False,840,3647.4,151.229,14.94752,110.0,151.229,72.1647,72,3496,36,37,0,1,26,2016-2025,,,639,14.2,0.6,medium,medium,medium,medium,medium,medium,medium
issn:1359-8368,1359-8368,Composites Part B Engineering,"['1359-8368', '1879-1069']",Elsevier BV,Materials science,"Composite material,Engineering,Materials science","[[""C192562407"",""Materials science""], [""C127413603"",""Engineering""], [""C121332964"",""Physics""], [""C185592680"",""Chemistry""], [""C41008148"",""Computer science""], [""C33923547"",""Mathematics""], [""C86803240"",""Biology""], [""C127313418"",""Geology""], [""C205649164"",""Geography""]]",False,False,1106,6254.2,248.2235,15.141527,111.0,248.2235,64.1217,64,6006,24,40,0,2,34,2016-2025,,,814,23.2,0.6,medium,medium,medium,high,medium,high,medium
issn:0022-4359,0022-4359,Journal of Retailing,"['0022-4359', '1873-3271']",Elsevier BV,Business,"Business,Economics,Marketing","[[""C144133560"",""Business""], [""C162324750"",""Economics""], [""C41008148"",""Computer science""], [""C33923547"",""Mathematics""], [""C138885662"",""Philosophy""], [""C17744445"",""Political science""], [""C15744967"",""Psychology""], [""C86803240"",""Biology""], [""C127413603"",""Engineering""], [""C121332964"",""Physics""], [""C144024400"",""Sociology""], [""C205649164"",""Geography""]]",False,False,355,783.8,34.5265,15.166884,112.0,34.5265,86.0753,86,749,31,55,0,1,13,2016-2025,,,292,4.4,0.2,medium,low,low,low,low,low,low
issn:0304-3894,0304-3894,Journal of hazardous materials,"['0304-3894', '1873-3336']",,Chemistry,"Biology,Chemistry,Organic chemistry","[[""C185592680"",""Chemistry""], [""C86803240"",""Biology""], [""C127413603"",""Engineering""], [""C121332964"",""Physics""], [""C192562407"",""Materials science""], [""C39432304"",""Environmental science""], [""C127313418"",""Geology""], [""C71924100"",""Medicine""], [""C41008148"",""Computer science""]]",False,False,1724,13953.4,606.5037,15.213681,113.0,606.5037,49.127,49,13347,18,31,0,3,48,2016-2025,,,1403,22.2,1.0,medium,high,high,high,high,high,high
issn:0925-2312,0925-2312,Neurocomputing,"['0925-2312', '1872-8286']",Elsevier BV,Computer science,"Artificial intelligence,Computer science,Mathematics","[[""C41008148"",""Computer science""], [""C33923547"",""Mathematics""], [""C15744967"",""Psychology""], [""C121332964"",""Physics""], [""C127413603"",""Engineering""], [""C86803240"",""Biology""], [""C138885662"",""Philosophy""], [""C162324750"",""Economics""], [""C185592680"",""Chemistry""]]",False,False,863,7571.4,331.2222,15.393734,114.0,331.2222,45.473,45,7240,11,35,0,3,52,2016-2025,,,715,10.8,0.4,medium,high,high,medium,medium,medium,medium
issn:1466-8564,1466-8564,Innovative Food Science & Emerging Technologies,"['1466-8564', '1878-5522']",Elsevier BV,Chemistry,"Biology,Chemistry,Food science","[[""C185592680"",""Chemistry""], [""C86803240"",""Biology""], [""C121332964"",""Physics""], [""C127413603"",""Engineering""], [""C192562407"",""Materials science""], [""C71924100"",""Medicine""], [""C127313418"",""Geology""], [""C41008148"",""Computer science""]]",False,True,335,1987.8,78.1442,15.57898,115.0,78.1442,63.3863,63,1910,25,39,0,2,35,2016-2025,,,251,4.4,0.4,medium,low,low,low,low,low,medium
issn:0960-8524,0960-8524,Bioresource technology,"['0960-8524', '1873-2976']",Elsevier BV,Chemistry,"Biology,Chemistry,Organic chemistry","[[""C185592680"",""Chemistry""], [""C86803240"",""Biology""], [""C127413603"",""Engineering""], [""C121332964"",""Physics""], [""C127313418"",""Geology""], [""C39432304"",""Environmental science""], [""C192562407"",""Materials science""]]",False,False,2539,14122.2,552.4756,15.651903,116.0,552.4756,65.8603,66,13570,17,49,0,2,32,2016-2025,,,1904,61.6,0.2,medium,high,high,high,high,high,low
issn:0039-9140,0039-9140,Talanta,"['0039-9140', '1873-3573']",,Chemistry,"Chemistry,Organic chemistry,Physics","[[""C185592680"",""Chemistry""], [""C121332964"",""Physics""], [""C86803240"",""Biology""], [""C192562407"",""Materials science""], [""C33923547"",""Mathematics""], [""C127413603"",""Engineering""], [""C71924100"",""Medicine""]]",False,False,1785,11851.4,542.7108,15.688727,117.0,542.7108,59.6125,60,11309,17,43,0,2,38,2016-2025,,,1581,10.4,1.0,medium,high,high,high,high,medium,high
issn:0008-8846,0008-8846,Cement and Concrete Research,"['0008-8846', '1873-3948']",Elsevier BV,Materials science,"Composite material,Materials science,Metallurgy","[[""C192562407"",""Materials science""], [""C185592680"",""Chemistry""], [""C127413603"",""Engineering""], [""C121332964"",""Physics""], [""C205649164"",""Geography""], [""C95457728"",""History""], [""C127313418"",""Geology""], [""C86803240"",""Biology""], [""C41008148"",""Computer science""], [""C33923547"",""Mathematics""]]",False,False,2777,6850.8,242.5512,15.779378,118.0,242.5512,84.9191,85,6608,42,43,0,1,14,2016-2025,,,1892,76.8,1.2,medium,medium,medium,high,high,high,high
issn:0885-2006,0885-2006,Early Childhood Research Quarterly,"['0885-2006', '1873-7706']",Elsevier BV,Psychology,"Developmental psychology,Medicine,Psychology","[[""C15744967"",""Psychology""], [""C71924100"",""Medicine""], [""C144024400"",""Sociology""], [""C17744445"",""Political science""], [""C162324750"",""Economics""], [""C33923547"",""Mathematics""], [""C138885662"",""Philosophy""], [""C41008148"",""Computer science""], [""C86803240"",""Biology""], [""C121332964"",""Physics""], [""C205649164"",""Geography""]]",False,False,393,1641.8,73.6828,15.805645,119.0,73.6828,74.7316,75,1568,32,43,0,1,24,2016-2025,,,343,3.0,0.2,medium,low,low,low,low,low,low
issn:0968-090X,0968-090X,Transportation Research Part C Emerging Technologies,"['0968-090X', '1879-2359']",Elsevier BV,Computer science,"Computer science,Engineering,Mathematics","[[""C41008148"",""Computer science""], [""C127413603"",""Engineering""], [""C33923547"",""Mathematics""], [""C162324750"",""Economics""], [""C121332964"",""Physics""], [""C205649164"",""Geography""], [""C86803240"",""Biology""], [""C144133560"",""Business""], [""C17744445"",""Political science""], [""C138885662"",""Philosophy""]]",False,False,674,3486.2,153.6842,16.032173,120.0,153.6842,69.18,69,3333,37,32,0,2,29,2016-2025,,,587,6.8,0.2,medium,medium,medium,medium,medium,low,low
issn:0309-1740,0309-1740,Meat Science,"['0309-1740', '1873-4138']",Elsevier BV,Biology,"Biology,Chemistry,Food science","[[""C86803240"",""Biology""], [""C185592680"",""Chemistry""], [""C71924100"",""Medicine""], [""C121332964"",""Physics""], [""C127413603"",""Engineering""]]",False,False,1821,7551.6,290.0307,16.156352,121.0,290.0307,75.3153,75,7262,22,53,0,1,23,2016-2025,,,1382,36.0,0.8,medium,high,high,high,high,high,high
issn:0008-6223,0008-6223,Carbon,"['0008-6223', '1873-3891']",Elsevier BV,Materials science,"Chemistry,Materials science,Physics","[[""C192562407"",""Materials science""], [""C185592680"",""Chemistry""], [""C121332964"",""Physics""], [""C127413603"",""Engineering""], [""C41008148"",""Computer science""], [""C33923547"",""Mathematics""], [""C86803240"",""Biology""], [""C127313418"",""Geology""]]",False,False,1840,11494.0,469.1207,16.438681,122.0,469.1207,63.545,64,11025,18,46,0,2,35,2016-2025,,,1514,26.6,0.6,medium,high,high,high,high,high,medium
issn:0306-9192,0306-9192,Food Policy,"['0306-9192', '1873-5657']",Elsevier BV,Economics,"Biology,Business,Economics","[[""C162324750"",""Economics""], [""C144133560"",""Business""], [""C86803240"",""Biology""], [""C17744445"",""Political science""], [""C205649164"",""Geography""], [""C95457728"",""History""], [""C144024400"",""Sociology""], [""C41008148"",""Computer science""], [""C138885662"",""Philosophy""], [""C71924100"",""Medicine""], [""C33923547"",""Mathematics""], [""C185592680"",""Chemistry""], [""C121332964"",""Physics""]]",False,False,870,2666.6,112.2448,16.690635,123.0,112.2448,82.4005,82,2554,56,27,0,1,17,2016-2025,,,750,8.0,0.4,medium,low,low,medium,medium,medium,medium
issn:0921-5093,0921-5093,"Materials science and engineering. A, Structural materials: proporties, microstructures and processing/Materials science & engineering. A, Structural materials: properties, microstructure and processing","['0921-5093', '1873-4936']",,Materials science,"Chemistry,Composite material,Materials science","[[""C192562407"",""Materials science""], [""C185592680"",""Chemistry""], [""C121332964"",""Physics""], [""C127413603"",""Engineering""], [""C127313418"",""Geology""], [""C86803240"",""Biology""], [""C41008148"",""Computer science""], [""C205649164"",""Geography""], [""C33923547"",""Mathematics""]]",False,False,2969,18676.0,765.8291,16.747308,124.0,765.8291,63.9826,64,17910,18,46,0,2,34,2016-2025,,,2501,40.8,0.6,medium,high,high,high,high,high,high
issn:0003-6870,0003-6870,Applied Ergonomics,"['0003-6870', '1872-9126']",Elsevier BV,Engineering,"Computer science,Engineering,Medicine","[[""C127413603"",""Engineering""], [""C41008148"",""Computer science""], [""C71924100"",""Medicine""], [""C121332964"",""Physics""], [""C15744967"",""Psychology""], [""C86803240"",""Biology""], [""C162324750"",""Economics""], [""C33923547"",""Mathematics""], [""C205649164"",""Geography""]]",False,False,894,3342.6,138.9966,16.795284,125.0,138.9966,78.6585,79,3204,40,39,0,1,20,2016-2025,,,766,8.8,0.4,medium,low,low,medium,medium,medium,medium
issn:0021-9797,0021-9797,Journal of colloid and interface science,"['0021-9797', '1095-7103']",,Chemistry,"Chemistry,Materials science,Physics","[[""C185592680"",""Chemistry""], [""C121332964"",""Physics""], [""C192562407"",""Materials science""], [""C127413603"",""Engineering""], [""C86803240"",""Biology""], [""C127313418"",""Geology""], [""C33923547"",""Mathematics""], [""C41008148"",""Computer science""]]",False,False,1797,14295.6,558.0775,16.897006,126.0,558.0775,54.7596,55,13738,11,44,0,2,43,2016-2025,,,1451,18.6,1.6,medium,high,high,high,high,high,high
issn:0956-053X,0956-053X,Waste Management,"['0956-053X', '1879-2456']",Elsevier BV,Engineering,"Biology,Engineering,Waste management","[[""C127413603"",""Engineering""], [""C86803240"",""Biology""], [""C39432304"",""Environmental science""], [""C185592680"",""Chemistry""], [""C121332964"",""Physics""], [""C192562407"",""Materials science""], [""C127313418"",""Geology""], [""C205649164"",""Geography""], [""C41008148"",""Computer science""], [""C95457728"",""History""]]",False,False,1366,6045.8,232.6243,16.986679,127.0,232.6243,74.9439,75,5813,30,44,0,1,24,2016-2025,,,1092,17.4,1.0,medium,medium,medium,high,high,high,high
issn:1740-1445,1740-1445,Body Image,"['1740-1445', '1873-6807']",Elsevier BV,Psychology,"Developmental psychology,Medicine,Psychology","[[""C15744967"",""Psychology""], [""C71924100"",""Medicine""], [""C86803240"",""Biology""], [""C138885662"",""Philosophy""], [""C144024400"",""Sociology""], [""C17744445"",""Political science""], [""C41008148"",""Computer science""], [""C33923547"",""Mathematics""], [""C142362112"",""Art""], [""C121332964"",""Physics""]]",False,False,367,1409.2,57.3134,17.014965,128.0,57.3134,78.3662,78,1352,41,38,0,1,21,2016-2025,,,312,3.6,0.2,medium,low,low,low,low,low,low
issn:1002-0160,1002-0160,Pedosphere,"['1002-0160', '2210-5107']",Elsevier BV,Biology,"Biology,Ecology,Geology","[[""C86803240"",""Biology""], [""C127313418"",""Geology""], [""C39432304"",""Environmental science""], [""C185592680"",""Chemistry""], [""C121332964"",""Physics""], [""C127413603"",""Engineering""], [""C205649164"",""Geography""], [""C192562407"",""Materials science""], [""C71924100"",""Medicine""], [""C95457728"",""History""], [""C33923547"",""Mathematics""]]",False,True,147,1086.4,41.2998,17.149411,129.0,41.2998,58.4036,58,1045,19,39,0,2,40,2016-2025,,,117,3.0,0.0,medium,low,low,low,low,low,low
issn:0925-4005,0925-4005,"Sensors and actuators. B, Chemical","['0925-4005', '1873-3077']",,Chemistry,"Chemistry,Materials science,Physics","[[""C185592680"",""Chemistry""], [""C121332964"",""Physics""], [""C192562407"",""Materials science""], [""C86803240"",""Biology""], [""C127413603"",""Engineering""], [""C33923547"",""Mathematics""], [""C41008148"",""Computer science""]]",False,False,1946,15470.2,638.763,17.58717,130.0,638.763,56.665,57,14831,11,45,0,2,41,2016-2025,,,1734,19.2,0.2,medium,high,high,high,high,high,low
issn:0360-1323,0360-1323,Building and Environment,"['0360-1323', '1873-684X']",Elsevier BV,Engineering,"Engineering,Geography,Physics","[[""C127413603"",""Engineering""], [""C121332964"",""Physics""], [""C205649164"",""Geography""], [""C39432304"",""Environmental science""], [""C86803240"",""Biology""], [""C41008148"",""Computer science""], [""C127313418"",""Geology""], [""C33923547"",""Mathematics""], [""C192562407"",""Materials science""], [""C185592680"",""Chemistry""], [""C95457728"",""History""], [""C162324750"",""Economics""], [""C71924100"",""Medicine""]]",False,False,1066,6797.4,234.011,17.896948,131.0,234.011,65.5917,66,6563,34,31,0,2,33,2016-2025,,,800,20.6,0.6,medium,medium,medium,medium,medium,high,high
issn:0001-4575,0001-4575,Accident Analysis & Prevention,"['0001-4575', '1879-2057']",Elsevier BV,Medicine,"Engineering,Environmental health,Medicine","[[""C71924100"",""Medicine""], [""C127413603"",""Engineering""], [""C41008148"",""Computer science""], [""C17744445"",""Political science""], [""C33923547"",""Mathematics""], [""C15744967"",""Psychology""], [""C86803240"",""Biology""], [""C121332964"",""Physics""], [""C205649164"",""Geography""], [""C162324750"",""Economics""]]",False,False,961,5631.8,211.9497,17.898652,132.0,211.9497,68.4928,68,5420,24,44,0,2,30,2016-2025,,,791,5.0,1.2,medium,medium,medium,medium,medium,low,high
issn:1383-5866,1383-5866,Separation and Purification Technology,"['1383-5866', '1873-3794']",Elsevier BV,Chemistry,"Chemistry,Engineering,Organic chemistry","[[""C185592680"",""Chemistry""], [""C127413603"",""Engineering""], [""C86803240"",""Biology""], [""C192562407"",""Materials science""], [""C121332964"",""Physics""], [""C41008148"",""Computer science""], [""C39432304"",""Environmental science""], [""C127313418"",""Geology""]]",False,False,708,6663.6,285.0767,18.0515,133.0,285.0767,50.0666,50,6379,17,33,0,2,47,2016-2025,,,672,3.6,0.0,medium,medium,medium,medium,medium,low,low
issn:0142-0615,0142-0615,International Journal of Electrical Power & Energy Systems,"['0142-0615', '1879-3517']",Elsevier BV,Computer science,"Computer science,Engineering,Physics","[[""C41008148"",""Computer science""], [""C127413603"",""Engineering""], [""C121332964"",""Physics""], [""C33923547"",""Mathematics""], [""C162324750"",""Economics""], [""C86803240"",""Biology""], [""C127313418"",""Geology""], [""C185592680"",""Chemistry""]]",False,False,618,5964.2,209.4512,18.298415,134.0,209.4512,49.1372,49,5755,19,30,0,3,48,2016-2025,,,484,7.4,0.6,medium,medium,medium,medium,low,medium,high
issn:0045-6535,0045-6535,Chemosphere,"['0045-6535', '1879-1298']",,Chemistry,"Biology,Chemistry,Organic chemistry","[[""C185592680"",""Chemistry""], [""C86803240"",""Biology""], [""C127413603"",""Engineering""], [""C39432304"",""Environmental science""], [""C121332964"",""Physics""], [""C127313418"",""Geology""], [""C192562407"",""Materials science""], [""C71924100"",""Medicine""], [""C41008148"",""Computer science""]]",False,False,1785,16610.0,552.9386,18.326104,135.0,552.9386,50.9268,51,16057,16,35,0,2,47,2016-2025,,,1326,34.0,1.2,medium,high,high,high,high,high,high
issn:1369-5266,1369-5266,Current Opinion in Plant Biology,"['1369-5266', '1879-0356']",Elsevier BV,Biology,"Biology,Chemistry,Genetics","[[""C86803240"",""Biology""], [""C185592680"",""Chemistry""], [""C71924100"",""Medicine""], [""C121332964"",""Physics""]]",False,False,1157,4273.6,141.8789,18.899013,136.0,141.8789,81.1096,81,4132,58,23,0,1,18,2016-2025,,,884,19.6,0.8,medium,medium,medium,high,high,high,high
issn:0010-2180,0010-2180,Combustion and Flame,"['0010-2180', '1556-2921']",Elsevier BV,Chemistry,"Chemistry,Organic chemistry,Physics","[[""C185592680"",""Chemistry""], [""C121332964"",""Physics""], [""C127413603"",""Engineering""], [""C192562407"",""Materials science""], [""C86803240"",""Biology""], [""C205649164"",""Geography""], [""C33923547"",""Mathematics""], [""C127313418"",""Geology""], [""C41008148"",""Computer science""]]",False,True,725,4601.0,164.9368,19.145473,137.0,164.9368,68.0274,68,4436,30,38,0,2,30,2016-2025,,,607,7.8,0.4,medium,medium,medium,medium,medium,medium,medium
issn:0360-1315,0360-1315,Computers & Education,"['0360-1315', '1873-782X']",Elsevier BV,Computer science,"Computer science,Mathematics,Psychology","[[""C41008148"",""Computer science""], [""C15744967"",""Psychology""], [""C33923547"",""Mathematics""], [""C144024400"",""Sociology""], [""C17744445"",""Political science""], [""C138885662"",""Philosophy""], [""C86803240"",""Biology""], [""C162324750"",""Economics""], [""C71924100"",""Medicine""], [""C127413603"",""Engineering""], [""C121332964"",""Physics""], [""C205649164"",""Geography""]]",False,False,988,5084.8,187.3443,19.266506,138.0,187.3443,74.283,74,4897,32,42,0,1,24,2016-2025,,,857,11.2,0.2,medium,medium,medium,medium,medium,medium,low
issn:0140-9883,0140-9883,Energy Economics,"['0140-9883', '1873-6181']",Elsevier BV,Economics,"Business,Economics,Mathematics","[[""C95457728"",""History""], [""C138885662"",""Philosophy""], [""C185592680"",""Chemistry""], [""C162324750"",""Economics""], [""C33923547"",""Mathematics""], [""C144133560"",""Business""], [""C127413603"",""Engineering""], [""C86803240"",""Biology""], [""C121332964"",""Physics""], [""C41008148"",""Computer science""], [""C17744445"",""Political science""], [""C205649164"",""Geography""], [""C127313418"",""Geology""]]",False,False,501,3611.4,122.3191,19.319329,139.0,122.3191,63.9625,64,3489,29,35,0,2,34,2016-2025,,,399,6.2,0.4,medium,medium,medium,low,low,low,medium
issn:0966-6362,0966-6362,Gait & Posture,"['0966-6362', '1879-2219']",Elsevier BV,Medicine,"Biology,Medicine,Physical medicine and rehabilitation","[[""C71924100"",""Medicine""], [""C86803240"",""Biology""], [""C121332964"",""Physics""], [""C15744967"",""Psychology""], [""C41008148"",""Computer science""], [""C127413603"",""Engineering""], [""C33923547"",""Mathematics""]]",False,True,528,3355.8,108.8194,19.321543,140.0,108.8194,68.1817,68,3247,21,47,0,2,30,2016-2025,,,402,6.6,0.6,medium,low,low,low,low,low,high
issn:0341-8162,0341-8162,CATENA,"['0341-8162', '1872-6887']",Elsevier BV,Geology,"Biology,Ecology,Geology","[[""C127313418"",""Geology""], [""C86803240"",""Biology""], [""C39432304"",""Environmental science""], [""C205649164"",""Geography""], [""C127413603"",""Engineering""], [""C121332964"",""Physics""], [""C95457728"",""History""], [""C185592680"",""Chemistry""], [""C33923547"",""Mathematics""], [""C41008148"",""Computer science""], [""C192562407"",""Materials science""]]",False,False,593,4727.8,143.1219,19.344062,141.0,143.1219,60.0479,60,4585,24,36,0,2,38,2016-2025,,,421,15.2,0.2,medium,medium,medium,low,low,medium,low
issn:0306-4565,0306-4565,Journal of Thermal Biology,"['0306-4565', '1879-0992']",Elsevier BV,Biology,"Biology,Internal medicine,Medicine","[[""C39432304"",""Environmental science""], [""C86803240"",""Biology""], [""C71924100"",""Medicine""], [""C185592680"",""Chemistry""], [""C121332964"",""Physics""], [""C127313418"",""Geology""], [""C205649164"",""Geography""], [""C127413603"",""Engineering""], [""C41008148"",""Computer science""], [""C15744967"",""Psychology""]]",False,False,556,3755.4,130.9125,19.400271,142.0,130.9125,66.4043,66,3624,28,39,0,2,32,2016-2025,,,458,7.8,0.2,medium,medium,medium,low,low,medium,medium
issn:0268-4012,0268-4012,International Journal of Information Management,"['0268-4012', '1873-4707']",Elsevier BV,Computer science,"Business,Computer science,Political science","[[""C41008148"",""Computer science""], [""C17744445"",""Political science""], [""C144133560"",""Business""], [""C162324750"",""Economics""], [""C127413603"",""Engineering""], [""C33923547"",""Mathematics""], [""C138885662"",""Philosophy""], [""C86803240"",""Biology""], [""C15744967"",""Psychology""], [""C144024400"",""Sociology""], [""C121332964"",""Physics""], [""C205649164"",""Geography""]]",False,False,403,3040.0,110.4857,19.866526,143.0,110.4857,63.3814,63,2930,36,28,0,2,35,2016-2025,,,355,4.8,0.0,medium,low,low,low,low,low,low
issn:1871-1413,1871-1413,Livestock Science,"['1871-1413', '1878-0490']",Elsevier BV,Biology,"Animal science,Biology,Medicine","[[""C86803240"",""Biology""], [""C71924100"",""Medicine""], [""C185592680"",""Chemistry""], [""C205649164"",""Geography""], [""C121332964"",""Physics""], [""C127313418"",""Geology""], [""C33923547"",""Mathematics""], [""C41008148"",""Computer science""]]",False,False,1055,6055.8,191.6149,19.866575,144.0,191.6149,72.0276,72,5864,34,38,0,1,27,2016-2025,,,806,15.0,1.0,medium,medium,medium,medium,medium,medium,high
issn:0957-4174,0957-4174,Expert Systems with Applications,"['0957-4174', '1873-6793']",Elsevier BV,Computer science,"Artificial intelligence,Computer science,Mathematics","[[""C41008148"",""Computer science""], [""C33923547"",""Mathematics""], [""C127413603"",""Engineering""], [""C138885662"",""Philosophy""], [""C121332964"",""Physics""], [""C162324750"",""Economics""], [""C86803240"",""Biology""], [""C15744967"",""Psychology""], [""C205649164"",""Geography""], [""C144133560"",""Business""], [""C17744445"",""Political science""]]",False,False,1034,9720.6,306.9318,20.175679,145.0,306.9318,54.8923,55,9414,17,38,0,2,43,2016-2025,,,801,15.4,0.8,medium,high,high,medium,medium,medium,high
issn:0378-7788,0378-7788,Energy and Buildings,"['0378-7788', '1872-6178']",Elsevier BV,Engineering,"Engineering,Physics,Thermodynamics","[[""C127413603"",""Engineering""], [""C121332964"",""Physics""], [""C39432304"",""Environmental science""], [""C86803240"",""Biology""], [""C205649164"",""Geography""], [""C41008148"",""Computer science""], [""C33923547"",""Mathematics""], [""C127313418"",""Geology""], [""C162324750"",""Economics""], [""C192562407"",""Materials science""], [""C95457728"",""History""]]",False,False,1215,6351.2,176.5994,20.285382,146.0,176.5994,74.9406,75,6175,37,38,0,1,24,2016-2025,,,829,30.6,0.8,medium,medium,medium,high,medium,high,high
issn:0263-8762,0263-8762,Chemical Engineering Research and Design,"['1744-3563', '0263-8762']",Elsevier BV,Engineering,"Chemistry,Engineering,Physics","[[""C127413603"",""Engineering""], [""C121332964"",""Physics""], [""C185592680"",""Chemistry""], [""C192562407"",""Materials science""], [""C86803240"",""Biology""], [""C41008148"",""Computer science""], [""C33923547"",""Mathematics""], [""C127313418"",""Geology""], [""C205649164"",""Geography""], [""C39432304"",""Environmental science""]]",False,True,479,4375.4,156.4838,20.624945,147.0,156.4838,57.2906,57,4219,3,55,0,2,41,2016-2025,,,431,2.8,0.2,medium,medium,medium,low,low,low,medium
issn:0013-4686,0013-4686,Electrochimica acta,"['0013-4686', '1873-3859']",,Chemistry,"Chemistry,Materials science,Physics","[[""C185592680"",""Chemistry""], [""C121332964"",""Physics""], [""C192562407"",""Materials science""], [""C127413603"",""Engineering""], [""C86803240"",""Biology""], [""C41008148"",""Computer science""], [""C33923547"",""Mathematics""]]",False,True,2318,16530.8,603.0759,20.629248,148.0,603.0759,66.6891,67,15928,18,48,0,2,32,2016-2025,,,2130,14.8,0.4,medium,high,high,high,high,medium,medium
issn:0167-8809,0167-8809,Agriculture Ecosystems & Environment,"['0167-8809', '1873-2305']",Elsevier BV,Biology,"Biology,Ecology,Environmental science","[[""C86803240"",""Biology""], [""C39432304"",""Environmental science""], [""C205649164"",""Geography""], [""C127313418"",""Geology""], [""C95457728"",""History""], [""C185592680"",""Chemistry""], [""C121332964"",""Physics""], [""C127413603"",""Engineering""], [""C71924100"",""Medicine""]]",False,False,2009,7700.4,221.6611,20.846801,149.0,221.6611,82.1427,82,7479,44,38,0,1,17,2016-2025,,,1460,39.0,1.6,medium,high,high,high,high,high,high
issn:0045-7930,0045-7930,Computers & Fluids,"['0045-7930', '1879-0747']",Elsevier BV,Physics,"Mathematics,Physics,Thermodynamics","[[""C121332964"",""Physics""], [""C33923547"",""Mathematics""], [""C127413603"",""Engineering""], [""C41008148"",""Computer science""], [""C205649164"",""Geography""], [""C127313418"",""Geology""], [""C192562407"",""Materials science""], [""C86803240"",""Biology""]]",False,False,692,6374.8,189.3083,20.889808,150.0,189.3083,57.1843,57,6185,22,35,0,2,41,2016-2025,,,520,13.2,0.4,medium,medium,medium,medium,medium,medium,medium
issn:0963-8695,0963-8695,NDT & E International,"['0963-8695', '1879-1174']",Elsevier BV,Engineering,"Engineering,Materials science,Physics","[[""C127413603"",""Engineering""], [""C121332964"",""Physics""], [""C192562407"",""Materials science""], [""C41008148"",""Computer science""], [""C71924100"",""Medicine""], [""C33923547"",""Mathematics""], [""C185592680"",""Chemistry""], [""C127313418"",""Geology""]]",False,False,414,2729.8,72.1171,21.108342,151.0,72.1171,69.5967,70,2658,29,40,0,2,29,2016-2025,,,279,5.6,0.8,medium,low,low,low,low,low,high
issn:0749-5978,0749-5978,Organizational Behavior and Human Decision Processes,"['0749-5978', '1095-9920']",Elsevier BV,Psychology,"Computer science,Psychology,Social psychology","[[""C15744967"",""Psychology""], [""C41008148"",""Computer science""], [""C162324750"",""Economics""], [""C138885662"",""Philosophy""], [""C33923547"",""Mathematics""], [""C17744445"",""Political science""], [""C86803240"",""Biology""], [""C121332964"",""Physics""], [""C127413603"",""Engineering""], [""C144024400"",""Sociology""], [""C71924100"",""Medicine""], [""C144133560"",""Business""]]",False,False,750,3349.6,118.5582,21.331244,152.0,118.5582,79.7949,80,3231,27,53,0,1,19,2016-2025,,,690,6.0,0.0,medium,low,low,medium,medium,low,low
issn:0169-5347,0169-5347,Trends in Ecology & Evolution,"['0169-5347', '1872-8383']",Elsevier BV,Biology,"Biology,Ecology,Geography","[[""C86803240"",""Biology""], [""C205649164"",""Geography""], [""C127313418"",""Geology""], [""C41008148"",""Computer science""], [""C185592680"",""Chemistry""], [""C71924100"",""Medicine""], [""C144024400"",""Sociology""], [""C121332964"",""Physics""], [""C17744445"",""Political science""], [""C138885662"",""Philosophy""]]",False,False,1096,4701.8,127.4076,21.822355,153.0,127.4076,80.8808,81,4574,39,42,0,1,18,2016-2025,,,784,27.4,0.4,medium,medium,medium,high,medium,high,medium
issn:0144-8617,0144-8617,Carbohydrate Polymers,"['0144-8617', '1879-1344']",Elsevier BV,Chemistry,"Biology,Chemistry,Organic chemistry","[[""C185592680"",""Chemistry""], [""C86803240"",""Biology""], [""C192562407"",""Materials science""], [""C127413603"",""Engineering""], [""C121332964"",""Physics""], [""C71924100"",""Medicine""], [""C127313418"",""Geology""]]",False,False,1199,10883.8,331.948,21.840775,154.0,331.948,59.7153,60,10552,14,46,0,2,38,2016-2025,,,969,21.0,0.2,medium,high,high,high,high,high,medium
issn:0045-7825,0045-7825,Computer Methods in Applied Mechanics and Engineering,"['0045-7825', '1879-2138']",Elsevier BV,Mathematics,"Engineering,Mathematics,Physics","[[""C33923547"",""Mathematics""], [""C121332964"",""Physics""], [""C127413603"",""Engineering""], [""C41008148"",""Computer science""], [""C192562407"",""Materials science""], [""C86803240"",""Biology""], [""C185592680"",""Chemistry""], [""C127313418"",""Geology""], [""C205649164"",""Geography""]]",False,False,1439,8069.8,198.3005,21.93958,155.0,198.3005,75.0621,75,7871,34,42,0,1,24,2016-2025,,,936,42.4,0.8,medium,high,high,high,high,high,high
issn:0958-1669,0958-1669,Current Opinion in Biotechnology,"['0958-1669', '1879-0429']",Elsevier BV,Biology,"Biology,Chemistry,Genetics","[[""C86803240"",""Biology""], [""C185592680"",""Chemistry""], [""C121332964"",""Physics""], [""C71924100"",""Medicine""], [""C127413603"",""Engineering""], [""C41008148"",""Computer science""], [""C127313418"",""Geology""], [""C192562407"",""Materials science""]]",False,False,1001,5500.4,157.1277,22.066668,156.0,157.1277,75.8044,76,5343,49,26,0,1,23,2016-2025,,,764,9.8,1.4,medium,medium,medium,medium,medium,medium,high
issn:0165-0327,0165-0327,Journal of Affective Disorders,"['0165-0327', '1573-2517']",Elsevier BV,Psychology,"Medicine,Psychiatry,Psychology","[[""C15744967"",""Psychology""], [""C71924100"",""Medicine""], [""C86803240"",""Biology""], [""C162324750"",""Economics""], [""C33923547"",""Mathematics""], [""C41008148"",""Computer science""], [""C144024400"",""Sociology""], [""C185592680"",""Chemistry""]]",False,True,1351,11395.2,395.6714,22.58105,157.0,395.6714,63.9493,64,11000,29,35,0,2,34,2016-2025,,,1291,4.0,0.2,medium,high,high,high,high,low,medium
issn:0022-2836,0022-2836,Journal of Molecular Biology/Journal of molecular biology,"['0022-2836', '1089-8638']",,Chemistry,"Biochemistry,Biology,Chemistry","[[""C185592680"",""Chemistry""], [""C86803240"",""Biology""], [""C121332964"",""Physics""], [""C71924100"",""Medicine""]]",False,False,1763,6453.0,182.2252,22.662011,158.0,182.2252,84.3072,84,6271,46,39,0,1,15,2016-2025,,,1366,29.8,1.0,medium,medium,medium,high,high,high,high
issn:0304-4076,0304-4076,Journal of Econometrics,"['0304-4076', '1872-6895']",Elsevier BV,Mathematics,"Econometrics,Economics,Mathematics","[[""C33923547"",""Mathematics""], [""C162324750"",""Economics""], [""C41008148"",""Computer science""], [""C121332964"",""Physics""], [""C86803240"",""Biology""], [""C138885662"",""Philosophy""], [""C144133560"",""Business""], [""C127413603"",""Engineering""]]",False,False,733,5964.2,183.7315,22.745462,159.0,183.7315,65.3492,65,5780,17,48,0,2,33,2016-2025,,,624,7.0,0.4,medium,medium,medium,medium,medium,low,medium
issn:1364-8152,1364-8152,Environmental Modelling & Software,"['1364-8152', '1873-6726']",Elsevier BV,Computer science,"Biology,Computer science,Engineering","[[""C41008148"",""Computer science""], [""C127413603"",""Engineering""], [""C86803240"",""Biology""], [""C39432304"",""Environmental science""], [""C205649164"",""Geography""], [""C127313418"",""Geology""], [""C121332964"",""Physics""], [""C33923547"",""Mathematics""], [""C162324750"",""Economics""], [""C185592680"",""Chemistry""], [""C95457728"",""History""], [""C138885662"",""Philosophy""]]",False,False,825,3889.4,122.3381,22.759462,160.0,122.3381,79.9379,80,3767,51,29,0,1,19,2016-2025,,,717,8.8,0.2,medium,medium,medium,medium,medium,medium,medium
issn:0022-3697,0022-3697,Journal of Physics and Chemistry of Solids,"['0022-3697', '1879-2553']",Elsevier BV,Physics,"Chemistry,Physics,Quantum mechanics","[[""C121332964"",""Physics""], [""C185592680"",""Chemistry""], [""C192562407"",""Materials science""], [""C127413603"",""Engineering""], [""C86803240"",""Biology""], [""C41008148"",""Computer science""], [""C33923547"",""Mathematics""]]",False,False,606,5851.4,166.8374,22.85438,161.0,166.8374,58.9574,59,5685,8,51,0,2,39,2016-2025,,,478,8.8,0.4,medium,medium,medium,medium,low,medium,medium
issn:0167-577X,0167-577X,Materials letters,"['0167-577X', '1873-4979']",,Materials science,"Chemistry,Materials science,Physics","[[""C192562407"",""Materials science""], [""C185592680"",""Chemistry""], [""C121332964"",""Physics""], [""C127413603"",""Engineering""], [""C86803240"",""Biology""], [""C127313418"",""Geology""], [""C41008148"",""Computer science""], [""C33923547"",""Mathematics""]]",False,False,948,10386.6,320.4718,22.924909,162.0,320.4718,53.6638,54,10066,9,44,0,2,44,2016-2025,,,814,9.4,0.4,medium,high,high,medium,medium,medium,medium
issn:1046-2023,1046-2023,Methods,"['1046-2023', '1095-9130']",Elsevier BV,Biology,"Biology,Chemistry,Genetics","[[""C86803240"",""Biology""], [""C185592680"",""Chemistry""], [""C71924100"",""Medicine""], [""C121332964"",""Physics""], [""C41008148"",""Computer science""]]",False,False,461,2507.6,76.7854,23.189105,163.0,76.7854,77.2525,77,2431,36,41,0,1,22,2016-2025,,,397,6.4,0.0,medium,low,low,low,low,low,low
issn:0021-9517,0021-9517,Journal of Catalysis,"['0021-9517', '1090-2694']",Elsevier BV,Chemistry,"Biology,Chemistry,Organic chemistry","[[""C185592680"",""Chemistry""], [""C86803240"",""Biology""], [""C121332964"",""Physics""], [""C192562407"",""Materials science""], [""C127413603"",""Engineering""]]",False,False,1656,12491.4,346.3523,23.337954,164.0,346.3523,68.5721,69,12145,22,47,0,2,30,2016-2025,,,1297,32.0,0.4,medium,high,high,high,high,high,medium
issn:1471-4922,1471-4922,Trends in Parasitology,"['1471-4922', '1471-5007']",Elsevier BV,Biology,"Biology,Immunology,Medicine","[[""C86803240"",""Biology""], [""C71924100"",""Medicine""], [""C41008148"",""Computer science""], [""C185592680"",""Chemistry""], [""C127313418"",""Geology""]]",False,False,460,3508.4,106.8766,23.430052,165.0,106.8766,68.4644,68,3402,37,31,0,2,30,2016-2025,,,399,4.2,0.2,medium,medium,medium,low,low,low,medium
issn:1359-4311,1359-4311,Applied Thermal Engineering,"['1359-4311', '1873-5606']",Elsevier BV,Engineering,"Engineering,Physics,Thermodynamics","[[""C39432304"",""Environmental science""], [""C86803240"",""Biology""], [""C33923547"",""Mathematics""], [""C41008148"",""Computer science""], [""C127313418"",""Geology""], [""C127413603"",""Engineering""], [""C121332964"",""Physics""], [""C192562407"",""Materials science""], [""C205649164"",""Geography""], [""C185592680"",""Chemistry""]]",False,False,831,7986.0,251.8514,23.781159,166.0,251.8514,60.8835,61,7734,18,43,0,2,37,2016-2025,,,757,5.4,0.2,medium,high,high,medium,medium,low,medium
issn:0261-2194,0261-2194,Crop Protection,"['0261-2194', '1873-6904']",Elsevier BV,Biology,"Agronomy,Biology,Botany","[[""C86803240"",""Biology""], [""C185592680"",""Chemistry""], [""C127313418"",""Geology""], [""C71924100"",""Medicine""], [""C205649164"",""Geography""], [""C144133560"",""Business""], [""C121332964"",""Physics""], [""C95457728"",""History""]]",False,True,604,4937.4,143.6121,24.159274,167.0,143.6121,67.1714,67,4794,24,43,0,2,31,2016-2025,,,515,7.0,0.2,medium,medium,medium,low,medium,low,medium
issn:0950-3293,0950-3293,Food Quality and Preference,"['0950-3293', '1873-6343']",Elsevier BV,Psychology,"Biology,Chemistry,Psychology","[[""C15744967"",""Psychology""], [""C86803240"",""Biology""], [""C185592680"",""Chemistry""], [""C33923547"",""Mathematics""], [""C41008148"",""Computer science""], [""C138885662"",""Philosophy""], [""C71924100"",""Medicine""], [""C144133560"",""Business""], [""C121332964"",""Physics""], [""C162324750"",""Economics""], [""C144024400"",""Sociology""], [""C142362112"",""Art""]]",False,True,591,3431.6,98.8867,24.395833,168.0,98.8867,76.889,77,3333,50,27,0,1,22,2016-2025,,,503,4.8,0.4,medium,medium,medium,low,medium,low,medium
issn:2213-6657,2213-6657,Analytic Methods in Accident Research,"['2213-6657', '2213-6665']",Elsevier BV,Computer science,"Computer science,Mathematics,Medicine","[[""C41008148"",""Computer science""], [""C33923547"",""Mathematics""], [""C71924100"",""Medicine""], [""C127413603"",""Engineering""], [""C162324750"",""Economics""], [""C121332964"",""Physics""], [""C205649164"",""Geography""], [""C15744967"",""Psychology""], [""C86803240"",""Biology""], [""C95457728"",""History""]]",False,False,60,640.8,20.8518,24.456264,169.0,20.8518,57.7494,58,620,31,27,0,2,40,2016-2025,,,58,0.2,0.0,medium,low,low,low,low,low,low
issn:0925-8574,0925-8574,Ecological Engineering,"['0925-8574', '1872-6992']",Elsevier BV,Biology,"Biology,Ecology,Environmental science","[[""C86803240"",""Biology""], [""C39432304"",""Environmental science""], [""C127313418"",""Geology""], [""C127413603"",""Engineering""], [""C185592680"",""Chemistry""], [""C205649164"",""Geography""], [""C121332964"",""Physics""], [""C95457728"",""History""], [""C71924100"",""Medicine""], [""C192562407"",""Materials science""], [""C41008148"",""Computer science""]]",False,False,617,3425.4,89.463,24.526637,170.0,89.463,77.9432,78,3336,31,47,0,1,21,2016-2025,,,477,14.0,0.0,medium,low,medium,medium,low,medium,low
issn:2214-5745,2214-5745,Current Opinion in Insect Science,"['2214-5745', '2214-5753']",Elsevier BV,Biology,"Biology,Botany,Ecology","[[""C86803240"",""Biology""], [""C127313418"",""Geology""], [""C185592680"",""Chemistry""], [""C71924100"",""Medicine""], [""C121332964"",""Physics""], [""C41008148"",""Computer science""], [""C15744967"",""Psychology""], [""C144024400"",""Sociology""], [""C205649164"",""Geography""], [""C127413603"",""Engineering""]]",False,False,360,3341.0,73.2241,24.557162,171.0,73.2241,63.0353,63,3268,36,27,0,2,35,2016-2025,,,233,6.8,0.6,medium,low,low,low,low,low,high
issn:0167-6105,0167-6105,Journal of Wind Engineering and Industrial Aerodynamics,"['0167-6105', '1872-8197']",Elsevier BV,Engineering,"Engineering,Geography,Physics","[[""C127413603"",""Engineering""], [""C121332964"",""Physics""], [""C205649164"",""Geography""], [""C127313418"",""Geology""], [""C33923547"",""Mathematics""], [""C41008148"",""Computer science""], [""C86803240"",""Biology""], [""C39432304"",""Environmental science""], [""C192562407"",""Materials science""], [""C95457728"",""History""]]",False,True,880,7545.4,138.4168,24.571351,172.0,138.4168,65.7479,66,7407,25,41,0,2,33,2016-2025,,,475,32.6,0.8,medium,high,high,medium,low,high,high
issn:0003-2670,0003-2670,Analytica chimica acta,"['0003-2670', '1873-4324']",,Chemistry,"Chemistry,Organic chemistry,Physics","[[""C185592680"",""Chemistry""], [""C121332964"",""Physics""], [""C86803240"",""Biology""], [""C192562407"",""Materials science""], [""C33923547"",""Mathematics""], [""C127413603"",""Engineering""], [""C41008148"",""Computer science""], [""C71924100"",""Medicine""]]",False,False,2233,20518.0,556.0065,25.219259,173.0,556.0065,64.549,65,19962,18,46,0,2,34,2016-2025,,,1845,18.8,2.0,medium,high,high,high,high,high,high
issn:1879-3096,1879-3096,Trends in biotechnology,"['1879-3096', '0167-7799', '0167-9430']",Elsevier BV,Biology,"Biology,Chemistry,Genetics","[[""C86803240"",""Biology""], [""C185592680"",""Chemistry""], [""C127413603"",""Engineering""], [""C41008148"",""Computer science""], [""C71924100"",""Medicine""], [""C121332964"",""Physics""], [""C192562407"",""Materials science""]]",False,False,611,3581.8,102.5653,25.358746,174.0,102.5653,77.5265,78,3479,35,42,0,1,21,2016-2025,,,537,7.4,0.0,medium,medium,medium,medium,medium,medium,low
issn:0734-9750,0734-9750,Biotechnology Advances,"['0734-9750', '1873-1899']",Elsevier BV,Biology,"Biochemistry,Biology,Chemistry","[[""C86803240"",""Biology""], [""C185592680"",""Chemistry""], [""C71924100"",""Medicine""], [""C121332964"",""Physics""], [""C41008148"",""Computer science""], [""C127413603"",""Engineering""]]",False,False,642,4356.8,116.0331,25.688032,175.0,116.0331,74.3043,74,4241,34,40,0,1,24,2016-2025,,,531,7.2,0.4,medium,medium,medium,medium,medium,low,medium
issn:0272-4944,0272-4944,Journal of Environmental Psychology,"['0272-4944', '1522-9610']",Elsevier BV,Psychology,"Biology,Psychology,Social psychology","[[""C15744967"",""Psychology""], [""C86803240"",""Biology""], [""C138885662"",""Philosophy""], [""C41008148"",""Computer science""], [""C17744445"",""Political science""], [""C71924100"",""Medicine""], [""C144024400"",""Sociology""], [""C33923547"",""Mathematics""], [""C162324750"",""Economics""], [""C205649164"",""Geography""], [""C121332964"",""Physics""], [""C127413603"",""Engineering""], [""C127313418"",""Geology""], [""C95457728"",""History""]]",False,True,635,1552.6,45.4753,25.84701,176.0,45.4753,90.818,91,1507,64,27,0,0,9,2016-2025,,,571,6.4,0.0,medium,low,low,medium,medium,low,low
issn:0165-2370,0165-2370,Journal of Analytical and Applied Pyrolysis,"['0165-2370', '1873-250X']",Elsevier BV,Chemistry,"Chemistry,Engineering,Organic chemistry","[[""C185592680"",""Chemistry""], [""C127413603"",""Engineering""], [""C86803240"",""Biology""], [""C121332964"",""Physics""], [""C192562407"",""Materials science""], [""C205649164"",""Geography""], [""C127313418"",""Geology""], [""C41008148"",""Computer science""], [""C95457728"",""History""], [""C39432304"",""Environmental science""]]",False,False,715,6076.8,149.6561,26.152068,177.0,149.6561,68.3016,68,5927,27,41,0,2,30,2016-2025,,,555,14.0,0.2,medium,medium,medium,medium,medium,medium,medium
issn:0022-1694,0022-1694,Journal of Hydrology,"['0022-1694', '1879-2707']",Elsevier BV,Geology,"Engineering,Environmental science,Geology","[[""C127313418"",""Geology""], [""C127413603"",""Engineering""], [""C39432304"",""Environmental science""], [""C86803240"",""Biology""], [""C205649164"",""Geography""], [""C121332964"",""Physics""], [""C41008148"",""Computer science""], [""C33923547"",""Mathematics""], [""C95457728"",""History""], [""C185592680"",""Chemistry""]]",False,False,1917,17116.0,394.8752,26.160058,178.0,394.8752,66.651,67,16721,27,40,0,2,32,2016-2025,,,1393,34.4,1.8,medium,high,high,high,high,high,high
issn:0965-1748,0965-1748,Insect Biochemistry and Molecular Biology,"['0965-1748', '1879-0240']",Elsevier BV,Biology,"Biochemistry,Biology,Chemistry","[[""C86803240"",""Biology""], [""C185592680"",""Chemistry""], [""C71924100"",""Medicine""], [""C127313418"",""Geology""], [""C121332964"",""Physics""]]",False,False,530,4969.2,98.2402,26.389755,179.0,98.2402,65.1897,65,4871,25,40,0,2,33,2016-2025,,,332,20.0,0.0,medium,medium,medium,low,low,high,low
issn:0899-9007,0899-9007,Nutrition,"['0899-9007', '1873-1244']",Elsevier BV,Medicine,"Biology,Internal medicine,Medicine","[[""C71924100"",""Medicine""], [""C86803240"",""Biology""], [""C185592680"",""Chemistry""], [""C15744967"",""Psychology""], [""C121332964"",""Physics""], [""C33923547"",""Mathematics""]]",False,False,325,2610.6,75.1705,26.559028,180.0,75.1705,70.6491,71,2535,28,42,0,1,28,2016-2025,,,301,2.4,0.0,medium,low,low,low,low,low,low
issn:0308-521X,0308-521X,Agricultural Systems,"['0308-521X', '1873-2267']",Elsevier BV,Biology,"Biology,Ecology,Geography","[[""C86803240"",""Biology""], [""C205649164"",""Geography""], [""C162324750"",""Economics""], [""C39432304"",""Environmental science""], [""C95457728"",""History""], [""C41008148"",""Computer science""], [""C127413603"",""Engineering""], [""C144133560"",""Business""], [""C127313418"",""Geology""], [""C33923547"",""Mathematics""], [""C121332964"",""Physics""], [""C17744445"",""Political science""], [""C185592680"",""Chemistry""]]",False,False,1182,6730.4,153.0978,26.67265,181.0,153.0978,79.1441,79,6577,61,18,0,1,20,2016-2025,,,864,20.0,1.2,medium,medium,medium,high,medium,high,high
issn:0160-7383,0160-7383,Annals of Tourism Research,"['0160-7383', '1873-7722']",Elsevier BV,Political science,"Geography,History,Political science","[[""C17744445"",""Political science""], [""C205649164"",""Geography""], [""C95457728"",""History""], [""C144024400"",""Sociology""], [""C144133560"",""Business""], [""C162324750"",""Economics""], [""C138885662"",""Philosophy""], [""C142362112"",""Art""], [""C41008148"",""Computer science""], [""C86803240"",""Biology""], [""C15744967"",""Psychology""]]",False,False,381,2917.0,73.4677,26.714182,182.0,73.4677,72.0769,72,2844,34,38,0,1,27,2016-2025,,,310,7.2,0.0,medium,low,low,low,low,medium,low
issn:0034-4257,0034-4257,Remote Sensing of Environment,"['0034-4257', '1879-0704']",Elsevier BV,Geology,"Geography,Geology,Remote sensing","[[""C127313418"",""Geology""], [""C205649164"",""Geography""], [""C39432304"",""Environmental science""], [""C121332964"",""Physics""], [""C86803240"",""Biology""], [""C41008148"",""Computer science""], [""C127413603"",""Engineering""], [""C33923547"",""Mathematics""], [""C95457728"",""History""], [""C71924100"",""Medicine""], [""C185592680"",""Chemistry""]]",False,False,1977,9154.0,188.641,26.734294,183.0,188.641,83.0394,83,8965,55,28,0,1,16,2016-2025,,,1309,59.0,0.8,medium,high,high,high,high,high,high
issn:0022-1031,0022-1031,Journal of Experimental Social Psychology,"['0022-1031', '1096-0465']",Elsevier BV,Psychology,"Philosophy,Psychology,Social psychology","[[""C15744967"",""Psychology""], [""C138885662"",""Philosophy""], [""C86803240"",""Biology""], [""C41008148"",""Computer science""], [""C17744445"",""Political science""], [""C144024400"",""Sociology""], [""C71924100"",""Medicine""], [""C33923547"",""Mathematics""], [""C162324750"",""Economics""], [""C121332964"",""Physics""], [""C127413603"",""Engineering""]]",False,True,681,3264.4,85.1291,26.746793,184.0,85.1291,82.5365,83,3179,32,51,0,1,17,2016-2025,,,573,10.8,0.0,medium,low,low,medium,medium,medium,low
issn:0168-9525,0168-9525,Trends in Genetics,"['0168-9525', '1362-4555']",Elsevier BV,Biology,"Biology,Chemistry,Genetics","[[""C86803240"",""Biology""], [""C185592680"",""Chemistry""], [""C71924100"",""Medicine""]]",False,False,555,4188.0,94.1515,26.759023,185.0,94.1515,72.4226,72,4094,38,35,0,1,26,2016-2025,,,402,15.4,0.0,medium,medium,medium,low,low,high,low
issn:0929-1393,0929-1393,Applied Soil Ecology,"['0929-1393', '1873-0272']",Elsevier BV,Biology,"Biology,Ecology,Geology","[[""C39432304"",""Environmental science""], [""C185592680"",""Chemistry""], [""C205649164"",""Geography""], [""C121332964"",""Physics""], [""C95457728"",""History""], [""C71924100"",""Medicine""], [""C127413603"",""Engineering""], [""C86803240"",""Biology""], [""C127313418"",""Geology""]]",False,False,565,4086.2,94.0823,27.018648,186.0,94.0823,73.827,74,3992,34,40,0,1,25,2016-2025,,,423,10.2,0.4,medium,medium,medium,low,low,medium,medium
issn:0921-4526,0921-4526,"Physica. B, Condensed matter","['0921-4526', '1873-2135']",,Physics,"Materials science,Physics,Quantum mechanics","[[""C33923547"",""Mathematics""], [""C41008148"",""Computer science""], [""C86803240"",""Biology""], [""C121332964"",""Physics""], [""C192562407"",""Materials science""], [""C185592680"",""Chemistry""], [""C127413603"",""Engineering""]]",False,False,791,8433.6,220.0379,27.722594,187.0,220.0379,62.5389,63,8214,9,54,0,2,36,2016-2025,,,691,8.0,0.2,medium,high,high,medium,medium,medium,medium
issn:0306-4530,0306-4530,Psychoneuroendocrinology,"['0306-4530', '1873-3360']",Elsevier BV,Medicine,"Biology,Medicine,Psychology","[[""C71924100"",""Medicine""], [""C15744967"",""Psychology""], [""C86803240"",""Biology""], [""C185592680"",""Chemistry""], [""C41008148"",""Computer science""]]",False,True,886,6074.6,120.6209,27.876794,188.0,120.6209,75.895,76,5954,30,46,0,1,23,2016-2025,,,589,15.8,1.4,medium,medium,medium,medium,medium,high,high
issn:0140-7007,0140-7007,International Journal of Refrigeration,"['0140-7007', '1879-2081']",Elsevier BV,Physics,"Engineering,Physics,Thermodynamics","[[""C39432304"",""Environmental science""], [""C33923547"",""Mathematics""], [""C86803240"",""Biology""], [""C127313418"",""Geology""], [""C121332964"",""Physics""], [""C127413603"",""Engineering""], [""C192562407"",""Materials science""], [""C185592680"",""Chemistry""], [""C41008148"",""Computer science""], [""C205649164"",""Geography""]]",False,True,299,3418.0,93.1489,27.912655,189.0,93.1489,60.211,60,3325,17,43,0,2,38,2016-2025,,,275,2.4,0.0,medium,low,low,low,low,low,low
issn:0375-9474,0375-9474,Nuclear physics. A,"['0375-9474', '1873-1554']",,Physics,"Nuclear physics,Physics,Quantum mechanics","[[""C121332964"",""Physics""], [""C127413603"",""Engineering""], [""C33923547"",""Mathematics""], [""C185592680"",""Chemistry""], [""C41008148"",""Computer science""], [""C192562407"",""Materials science""], [""C86803240"",""Biology""]]",False,False,352,5469.2,62.9372,28.337028,190.0,62.9372,45.8125,46,5406,8,38,0,3,51,2016-2025,,,137,11.6,1.0,medium,medium,medium,low,low,medium,high
issn:0169-4332,0169-4332,Applied surface science,"['0169-4332', '1873-5584']",,Materials science,"Chemistry,Materials science,Physics","[[""C127313418"",""Geology""], [""C41008148"",""Computer science""], [""C192562407"",""Materials science""], [""C121332964"",""Physics""], [""C185592680"",""Chemistry""], [""C127413603"",""Engineering""], [""C86803240"",""Biology""]]",False,False,1961,24414.6,608.8908,28.354182,191.0,608.8908,57.1949,57,23806,15,42,0,2,41,2016-2025,,,1673,16.8,1.2,medium,high,high,high,high,high,high
issn:0961-9534,0961-9534,Biomass and Bioenergy,"['0961-9534', '1873-2909']",Elsevier BV,Biology,"Biology,Ecology,Engineering","[[""C86803240"",""Biology""], [""C127413603"",""Engineering""], [""C185592680"",""Chemistry""], [""C39432304"",""Environmental science""], [""C127313418"",""Geology""], [""C121332964"",""Physics""], [""C192562407"",""Materials science""], [""C205649164"",""Geography""]]",False,False,813,5583.2,129.8683,28.43158,192.0,129.8683,76.4213,76,5453,29,48,0,1,22,2016-2025,,,648,16.6,0.0,medium,medium,medium,medium,medium,high,low
issn:0047-2352,0047-2352,Journal of Criminal Justice,"['0047-2352', '1873-6203']",Elsevier BV,Psychology,"Political science,Psychology,Sociology","[[""C15744967"",""Psychology""], [""C144024400"",""Sociology""], [""C17744445"",""Political science""], [""C71924100"",""Medicine""], [""C41008148"",""Computer science""], [""C86803240"",""Biology""], [""C162324750"",""Economics""], [""C33923547"",""Mathematics""], [""C138885662"",""Philosophy""], [""C205649164"",""Geography""], [""C95457728"",""History""], [""C121332964"",""Physics""], [""C127413603"",""Engineering""]]",False,False,654,2666.6,45.1677,28.61562,193.0,45.1677,85.9966,86,2621,29,57,0,1,13,2016-2025,,,379,21.8,0.6,medium,low,low,medium,low,high,high
issn:1387-1811,1387-1811,Microporous and Mesoporous Materials,"['1387-1811', '1873-3093']",Elsevier BV,Chemistry,"Chemistry,Materials science,Organic chemistry","[[""C185592680"",""Chemistry""], [""C192562407"",""Materials science""], [""C86803240"",""Biology""], [""C127413603"",""Engineering""], [""C121332964"",""Physics""], [""C127313418"",""Geology""], [""C41008148"",""Computer science""]]",False,True,768,9640.0,243.4902,29.219192,194.0,243.4902,58.1309,58,9397,13,45,0,2,40,2016-2025,,,684,6.4,0.2,medium,high,high,medium,medium,low,medium
issn:1878-5476,1878-5476,Psychology of sport and exercise,"['1878-5476', '1469-0292']",Elsevier BV,Psychology,"Medicine,Psychology,Social psychology","[[""C15744967"",""Psychology""], [""C71924100"",""Medicine""], [""C86803240"",""Biology""], [""C138885662"",""Philosophy""], [""C41008148"",""Computer science""], [""C17744445"",""Political science""], [""C33923547"",""Mathematics""], [""C162324750"",""Economics""], [""C144024400"",""Sociology""], [""C121332964"",""Physics""], [""C205649164"",""Geography""], [""C127413603"",""Engineering""]]",False,False,401,1865.4,38.5001,29.324697,195.0,38.5001,84.4744,84,1827,52,33,0,1,15,2016-2025,,,292,5.0,0.6,medium,low,low,low,low,low,high
issn:0043-1354,0043-1354,Water Research,"['0043-1354', '1879-2448']",Elsevier BV,Chemistry,"Biology,Chemistry,Engineering","[[""C185592680"",""Chemistry""], [""C86803240"",""Biology""], [""C127413603"",""Engineering""], [""C39432304"",""Environmental science""], [""C127313418"",""Geology""], [""C121332964"",""Physics""], [""C192562407"",""Materials science""], [""C71924100"",""Medicine""], [""C41008148"",""Computer science""]]",False,True,1868,15078.4,324.777,29.357373,196.0,324.777,73.0896,73,14754,30,43,0,1,26,2016-2025,,,1420,32.8,1.2,medium,high,high,high,high,high,high
issn:0161-813X,0161-813X,NeuroToxicology,"['0161-813X', '1872-9711']",Elsevier BV,Medicine,"Biology,Internal medicine,Medicine","[[""C71924100"",""Medicine""], [""C86803240"",""Biology""], [""C185592680"",""Chemistry""], [""C15744967"",""Psychology""], [""C121332964"",""Physics""], [""C192562407"",""Materials science""]]",False,False,186,1539.2,22.7139,29.437152,197.0,22.7139,72.2683,72,1516,28,44,0,1,26,2016-2025,,,96,9.0,0.0,medium,low,low,low,low,medium,low
issn:0017-9310,0017-9310,International Journal of Heat and Mass Transfer/International journal of heat and mass transfer,"['0017-9310', '1879-2189']",,Physics,"Materials science,Physics,Thermodynamics","[[""C121332964"",""Physics""], [""C192562407"",""Materials science""], [""C127413603"",""Engineering""], [""C205649164"",""Geography""], [""C185592680"",""Chemistry""], [""C33923547"",""Mathematics""], [""C41008148"",""Computer science""], [""C86803240"",""Biology""], [""C127313418"",""Geology""]]",False,False,1691,17493.2,417.6175,29.866186,198.0,417.6175,66.1824,66,17076,22,44,0,2,32,2016-2025,,,1453,19.8,0.4,medium,high,high,high,high,high,medium
issn:0167-8116,0167-8116,International Journal of Research in Marketing,"['0167-8116', '1873-8001']",Elsevier BV,Business,"Business,Computer science,Marketing","[[""C127413603"",""Engineering""], [""C144024400"",""Sociology""], [""C144133560"",""Business""], [""C41008148"",""Computer science""], [""C162324750"",""Economics""], [""C33923547"",""Mathematics""], [""C138885662"",""Philosophy""], [""C17744445"",""Political science""], [""C15744967"",""Psychology""], [""C86803240"",""Biology""], [""C121332964"",""Physics""]]",False,True,263,1534.2,39.2614,29.931637,199.0,39.2614,81.0033,81,1495,44,37,0,1,18,2016-2025,,,243,2.0,0.0,medium,low,low,low,low,low,low
issn:0743-0167,0743-0167,Journal of Rural Studies,"['0743-0167', '1873-1392']",Elsevier BV,Economics,"Economics,Geography,Political science","[[""C162324750"",""Economics""], [""C17744445"",""Political science""], [""C205649164"",""Geography""], [""C86803240"",""Biology""], [""C144024400"",""Sociology""], [""C95457728"",""History""], [""C144133560"",""Business""], [""C138885662"",""Philosophy""], [""C41008148"",""Computer science""], [""C71924100"",""Medicine""], [""C121332964"",""Physics""], [""C15744967"",""Psychology""], [""C33923547"",""Mathematics""], [""C127413603"",""Engineering""], [""C127313418"",""Geology""]]",False,False,583,2652.8,57.9011,30.019085,200.0,57.9011,85.1792,85,2595,63,23,0,1,14,2016-2025,,,460,8.4,0.4,medium,low,low,low,low,medium,medium
issn:1055-7903,1055-7903,Molecular Phylogenetics and Evolution,"['1055-7903', '1095-9513']",Elsevier BV,Biology,"Biology,Chemistry,Genetics","[[""C86803240"",""Biology""], [""C185592680"",""Chemistry""], [""C127313418"",""Geology""], [""C71924100"",""Medicine""], [""C144024400"",""Sociology""]]",False,False,450,2900.8,45.8218,30.229534,201.0,45.8218,79.03,79,2855,36,43,0,1,20,2016-2025,,,257,15.4,0.4,medium,low,low,low,low,high,medium
issn:0269-7491,0269-7491,Environmental Pollution,"['0269-7491', '1873-6424']",Elsevier BV,Biology,"Biology,Chemistry,Ecology","[[""C86803240"",""Biology""], [""C185592680"",""Chemistry""], [""C39432304"",""Environmental science""], [""C127313418"",""Geology""], [""C121332964"",""Physics""], [""C71924100"",""Medicine""], [""C127413603"",""Engineering""], [""C205649164"",""Geography""], [""C192562407"",""Materials science""]]",False,False,1025,13988.4,280.7612,30.325108,202.0,280.7612,55.8826,56,13708,23,32,0,2,42,2016-2025,,,749,19.6,0.8,medium,high,high,medium,medium,high,high
issn:0167-9236,0167-9236,Decision Support Systems,"['0167-9236', '1873-5797']",Elsevier BV,Computer science,"Computer science,Economics,Mathematics","[[""C41008148"",""Computer science""], [""C33923547"",""Mathematics""], [""C162324750"",""Economics""], [""C127413603"",""Engineering""], [""C144133560"",""Business""], [""C17744445"",""Political science""], [""C138885662"",""Philosophy""], [""C86803240"",""Biology""], [""C121332964"",""Physics""], [""C15744967"",""Psychology""], [""C205649164"",""Geography""]]",False,False,420,3216.0,64.2466,30.460635,203.0,64.2466,75.379,75,3152,25,51,0,1,23,2016-2025,,,307,5.4,0.6,medium,low,low,low,low,low,high
issn:0377-8401,0377-8401,Animal Feed Science and Technology,"['0377-8401', '1873-2216']",Elsevier BV,Biology,"Animal science,Biology,Chemistry","[[""C86803240"",""Biology""], [""C185592680"",""Chemistry""], [""C71924100"",""Medicine""], [""C121332964"",""Physics""], [""C192562407"",""Materials science""], [""C205649164"",""Geography""], [""C127313418"",""Geology""]]",False,False,975,8006.8,191.6464,30.480035,204.0,191.6464,73.712,74,7815,30,44,0,1,25,2016-2025,,,858,9.8,0.2,medium,high,high,medium,medium,medium,medium
issn:0955-2219,0955-2219,Journal of the European Ceramic Society,"['0955-2219', '1873-619X']",Elsevier BV,Materials science,"Chemistry,Composite material,Materials science","[[""C192562407"",""Materials science""], [""C185592680"",""Chemistry""], [""C121332964"",""Physics""], [""C127413603"",""Engineering""], [""C127313418"",""Geology""], [""C86803240"",""Biology""], [""C41008148"",""Computer science""], [""C33923547"",""Mathematics""]]",False,True,761,9158.8,229.9466,30.753251,205.0,229.9466,61.8597,62,8929,21,41,0,2,36,2016-2025,,,709,5.2,0.0,high,high,high,medium,medium,low,low
issn:1369-703X,1369-703X,Biochemical Engineering Journal,"['1369-703X', '1873-295X']",Elsevier BV,Chemistry,"Biology,Chemistry,Organic chemistry","[[""C185592680"",""Chemistry""], [""C86803240"",""Biology""], [""C121332964"",""Physics""], [""C127413603"",""Engineering""], [""C127313418"",""Geology""], [""C192562407"",""Materials science""], [""C71924100"",""Medicine""], [""C39432304"",""Environmental science""]]",False,False,386,4586.2,97.429,30.86365,206.0,97.429,62.3134,62,4489,15,47,0,2,36,2016-2025,,,304,4.2,0.4,high,medium,medium,low,low,low,medium
issn:0012-365X,0012-365X,Discrete Mathematics,"['0012-365X', '1872-681X']",Elsevier BV,Mathematics,"Combinatorics,Discrete mathematics,Mathematics","[[""C33923547"",""Mathematics""], [""C41008148"",""Computer science""], [""C121332964"",""Physics""], [""C138885662"",""Philosophy""]]",False,False,394,4414.0,60.1021,31.021544,207.0,60.1021,64.3791,64,4354,50,14,0,2,34,2016-2025,,48,199,5.6,1.4,high,medium,medium,low,low,low,high
issn:0966-842X,0966-842X,Trends in Microbiology,"['0966-842X', '1878-4380']",Elsevier BV,Biology,"Biology,Chemistry,Genetics","[[""C86803240"",""Biology""], [""C185592680"",""Chemistry""], [""C71924100"",""Medicine""], [""C127313418"",""Geology""], [""C121332964"",""Physics""]]",False,False,557,4207.8,90.8487,31.915831,208.0,90.8487,76.8286,77,4117,43,34,0,1,22,2016-2025,,,461,9.6,0.0,high,medium,medium,low,low,medium,low
issn:0191-8869,0191-8869,Personality and Individual Differences,"['0191-8869', '1873-3549']",Elsevier BV,Psychology,"Developmental psychology,Psychology,Social psychology","[[""C15744967"",""Psychology""], [""C71924100"",""Medicine""], [""C86803240"",""Biology""], [""C41008148"",""Computer science""], [""C138885662"",""Philosophy""], [""C33923547"",""Mathematics""], [""C17744445"",""Political science""], [""C144024400"",""Sociology""], [""C162324750"",""Economics""], [""C121332964"",""Physics""]]",False,True,1701,8795.6,198.1474,31.986448,209.0,198.1474,84.1981,84,8597,44,40,0,1,15,2016-2025,,,1475,18.6,0.4,high,high,high,high,high,high,medium
issn:0041-624X,0041-624X,Ultrasonics,"['0041-624X', '1874-9968']",Elsevier BV,Physics,"Acoustics,Materials science,Physics","[[""C121332964"",""Physics""], [""C192562407"",""Materials science""], [""C127413603"",""Engineering""], [""C41008148"",""Computer science""], [""C71924100"",""Medicine""], [""C185592680"",""Chemistry""], [""C33923547"",""Mathematics""], [""C86803240"",""Biology""], [""C127313418"",""Geology""]]",False,False,456,4160.8,82.6863,32.036645,210.0,82.6863,72.0946,72,4078,27,45,0,1,27,2016-2025,,,349,2.8,0.8,high,medium,medium,low,low,low,high
issn:0022-3093,0022-3093,Journal of non-crystalline solids,"['0022-3093', '1873-4812']",Elsevier BV,Materials science,"Chemistry,Materials science,Physics","[[""C192562407"",""Materials science""], [""C121332964"",""Physics""], [""C185592680"",""Chemistry""], [""C127413603"",""Engineering""], [""C86803240"",""Biology""], [""C127313418"",""Geology""], [""C41008148"",""Computer science""]]",False,False,1029,11062.4,217.0849,33.074123,211.0,217.0849,68.144,68,10845,12,56,0,2,30,2016-2025,,,802,14.8,0.8,high,high,high,medium,medium,medium,high
issn:0165-232X,0165-232X,Cold Regions Science and Technology,"['0165-232X', '1872-7441']",Elsevier BV,Geology,"Engineering,Geology,Physics","[[""C127313418"",""Geology""], [""C127413603"",""Engineering""], [""C121332964"",""Physics""], [""C205649164"",""Geography""], [""C86803240"",""Biology""], [""C39432304"",""Environmental science""], [""C192562407"",""Materials science""], [""C41008148"",""Computer science""], [""C185592680"",""Chemistry""], [""C33923547"",""Mathematics""], [""C95457728"",""History""]]",False,False,319,3915.4,66.7824,33.114364,212.0,66.7824,63.5825,64,3849,22,42,0,2,35,2016-2025,,,216,8.4,0.2,high,medium,medium,low,low,medium,medium
issn:0277-9536,0277-9536,Social Science & Medicine,"['0277-9536', '1873-5347']",Elsevier BV,Medicine,"Medicine,Political science,Sociology","[[""C95457728"",""History""], [""C71924100"",""Medicine""], [""C144024400"",""Sociology""], [""C17744445"",""Political science""], [""C15744967"",""Psychology""], [""C162324750"",""Economics""], [""C86803240"",""Biology""], [""C138885662"",""Philosophy""], [""C33923547"",""Mathematics""], [""C41008148"",""Computer science""], [""C205649164"",""Geography""]]",False,False,1183,14204.0,297.1403,33.263652,213.0,297.1403,64.6503,65,13907,1,64,0,2,34,2016-2025,,,989,13.4,0.6,high,high,high,high,high,medium,high
issn:0196-8904,0196-8904,Energy Conversion and Management,"['0196-8904', '1879-2227']",Elsevier BV,Engineering,"Engineering,Physics,Thermodynamics","[[""C127413603"",""Engineering""], [""C121332964"",""Physics""], [""C86803240"",""Biology""], [""C185592680"",""Chemistry""], [""C39432304"",""Environmental science""], [""C192562407"",""Materials science""], [""C41008148"",""Computer science""], [""C205649164"",""Geography""], [""C33923547"",""Mathematics""], [""C127313418"",""Geology""]]",False,False,952,12419.6,261.399,34.225155,214.0,261.399,62.694,63,12158,22,41,0,2,35,2016-2025,,,824,12.8,0.0,high,high,high,medium,medium,medium,low
issn:0010-4655,0010-4655,Computer Physics Communications,"['0010-4655', '1879-2944']",Elsevier BV,Physics,"Computer science,Mathematics,Physics","[[""C121332964"",""Physics""], [""C33923547"",""Mathematics""], [""C41008148"",""Computer science""], [""C127413603"",""Engineering""], [""C185592680"",""Chemistry""], [""C192562407"",""Materials science""], [""C86803240"",""Biology""]]",False,False,831,7596.2,123.0844,34.260812,215.0,123.0844,73.7464,74,7473,24,50,0,1,25,2016-2025,,,552,24.0,0.4,high,high,high,medium,medium,high,medium
issn:0301-4215,0301-4215,Energy Policy,"['0301-4215', '1873-6777']",Elsevier BV,Economics,"Biology,Economics,Engineering","[[""C138885662"",""Philosophy""], [""C162324750"",""Economics""], [""C127413603"",""Engineering""], [""C86803240"",""Biology""], [""C144133560"",""Business""], [""C121332964"",""Physics""], [""C17744445"",""Political science""], [""C33923547"",""Mathematics""], [""C205649164"",""Geography""], [""C41008148"",""Computer science""], [""C127313418"",""Geology""], [""C95457728"",""History""], [""C39432304"",""Environmental science""]]",False,False,1114,7706.6,154.6275,34.371662,216.0,154.6275,80.2807,80,7552,33,47,0,1,19,2016-2025,,,923,15.2,0.4,high,high,high,high,high,medium,medium
issn:0959-3780,0959-3780,Global Environmental Change,"['0959-3780', '1872-9495']",Elsevier BV,Biology,"Biology,Ecology,Economics","[[""C86803240"",""Biology""], [""C162324750"",""Economics""], [""C205649164"",""Geography""], [""C17744445"",""Political science""], [""C127313418"",""Geology""], [""C39432304"",""Environmental science""], [""C41008148"",""Computer science""], [""C144133560"",""Business""], [""C95457728"",""History""], [""C144024400"",""Sociology""], [""C121332964"",""Physics""], [""C138885662"",""Philosophy""], [""C127413603"",""Engineering""], [""C15744967"",""Psychology""], [""C71924100"",""Medicine""], [""C33923547"",""Mathematics""]]",False,False,487,2639.0,50.5595,34.63563,217.0,50.5595,84.6593,85,2588,60,25,0,1,15,2016-2025,,,388,10.0,0.0,high,low,low,low,low,medium,low
issn:0009-2509,0009-2509,Chemical engineering science,"['0009-2509', '1873-4405']",Elsevier BV,Physics,"Chemistry,Engineering,Physics","[[""C121332964"",""Physics""], [""C185592680"",""Chemistry""], [""C127413603"",""Engineering""], [""C192562407"",""Materials science""], [""C86803240"",""Biology""], [""C33923547"",""Mathematics""], [""C41008148"",""Computer science""], [""C127313418"",""Geology""], [""C205649164"",""Geography""]]",False,False,1562,16323.2,336.6497,34.944384,218.0,336.6497,70.7168,71,15987,20,51,0,1,28,2016-2025,,,1353,17.0,0.4,high,high,high,high,high,high,medium
issn:0032-5910,0032-5910,Powder Technology,"['0032-5910', '1873-328X']",Elsevier BV,Engineering,"Engineering,Materials science,Physics","[[""C127413603"",""Engineering""], [""C192562407"",""Materials science""], [""C121332964"",""Physics""], [""C185592680"",""Chemistry""], [""C127313418"",""Geology""], [""C86803240"",""Biology""], [""C33923547"",""Mathematics""], [""C41008148"",""Computer science""], [""C205649164"",""Geography""]]",False,True,857,11473.0,209.9076,35.083679,219.0,209.9076,62.5534,63,11263,20,43,0,2,36,2016-2025,,,659,13.8,0.6,high,high,high,medium,medium,medium,high
issn:0925-5273,0925-5273,International Journal of Production Economics,"['0925-5273', '1873-7579']",Elsevier BV,Computer science,"Business,Computer science,Economics","[[""C41008148"",""Computer science""], [""C162324750"",""Economics""], [""C144133560"",""Business""], [""C127413603"",""Engineering""], [""C33923547"",""Mathematics""], [""C17744445"",""Political science""], [""C86803240"",""Biology""], [""C121332964"",""Physics""], [""C138885662"",""Philosophy""]]",False,False,714,7579.8,148.0041,35.289685,220.0,148.0041,70.5048,71,7432,29,42,0,1,28,2016-2025,,,590,10.4,0.2,high,high,high,medium,medium,medium,medium
issn:0272-7757,0272-7757,Economics of Education Review,"['0272-7757', '1873-7382']",Elsevier BV,Economics,"Economics,Mathematics,Political science","[[""C162324750"",""Economics""], [""C17744445"",""Political science""], [""C33923547"",""Mathematics""], [""C15744967"",""Psychology""], [""C144024400"",""Sociology""], [""C144133560"",""Business""], [""C41008148"",""Computer science""], [""C71924100"",""Medicine""], [""C138885662"",""Philosophy""], [""C121332964"",""Physics""], [""C86803240"",""Biology""], [""C127413603"",""Engineering""], [""C205649164"",""Geography""]]",False,False,356,2520.2,55.6879,35.527602,221.0,55.6879,80.4968,80,2465,30,51,0,1,19,2016-2025,,,336,2.0,0.0,high,low,low,low,low,low,low
issn:0749-6419,0749-6419,International Journal of Plasticity,"['0749-6419', '1879-2154']",Elsevier BV,Materials science,"Composite material,Materials science,Physics","[[""C192562407"",""Materials science""], [""C121332964"",""Physics""], [""C127413603"",""Engineering""], [""C185592680"",""Chemistry""], [""C127313418"",""Geology""], [""C33923547"",""Mathematics""], [""C86803240"",""Biology""], [""C205649164"",""Geography""]]",False,False,632,6250.6,121.9985,35.851696,222.0,121.9985,72.9708,73,6129,30,43,0,1,26,2016-2025,,,531,6.2,0.4,high,medium,medium,medium,medium,low,medium
issn:0927-7757,0927-7757,Colloids and Surfaces A Physicochemical and Engineering Aspects,"['0927-7757', '1873-4359']",Elsevier BV,Chemistry,"Chemistry,Materials science,Physics","[[""C185592680"",""Chemistry""], [""C192562407"",""Materials science""], [""C121332964"",""Physics""], [""C127413603"",""Engineering""], [""C86803240"",""Biology""], [""C127313418"",""Geology""], [""C41008148"",""Computer science""], [""C33923547"",""Mathematics""]]",False,False,983,19427.8,394.0857,37.044341,223.0,394.0857,47.7044,48,19034,8,39,0,3,50,2016-2025,,,887,5.6,0.4,high,high,high,medium,high,low,medium
issn:0925-7535,0925-7535,Safety Science,"['0925-7535', '1879-1042']",Elsevier BV,Medicine,"Computer science,Engineering,Medicine","[[""C71924100"",""Medicine""], [""C127413603"",""Engineering""], [""C41008148"",""Computer science""], [""C17744445"",""Political science""], [""C162324750"",""Economics""], [""C144133560"",""Business""], [""C121332964"",""Physics""], [""C86803240"",""Biology""], [""C33923547"",""Mathematics""], [""C15744967"",""Psychology""], [""C205649164"",""Geography""], [""C138885662"",""Philosophy""]]",False,False,330,3926.4,79.9299,37.197249,224.0,79.9299,68.6808,69,3846,37,32,0,2,30,2016-2025,,,300,3.0,0.0,high,medium,medium,low,low,low,low
issn:0168-1591,0168-1591,Applied Animal Behaviour Science,"['0168-1591', '1872-9045']",Elsevier BV,Biology,"Biology,Ecology,Medicine","[[""C86803240"",""Biology""], [""C71924100"",""Medicine""], [""C15744967"",""Psychology""], [""C127313418"",""Geology""], [""C205649164"",""Geography""], [""C185592680"",""Chemistry""], [""C127413603"",""Engineering""], [""C41008148"",""Computer science""], [""C121332964"",""Physics""], [""C33923547"",""Mathematics""], [""C144024400"",""Sociology""]]",False,True,1006,6545.8,121.4039,37.401523,225.0,121.4039,82.9183,83,6424,50,33,0,1,16,2016-2025,,,836,13.0,0.4,high,medium,medium,medium,medium,medium,medium
issn:0022-4596,0022-4596,Journal of Solid State Chemistry,"['0022-4596', '1095-726X']",Elsevier BV,Chemistry,"Chemistry,Materials science,Physics","[[""C185592680"",""Chemistry""], [""C121332964"",""Physics""], [""C192562407"",""Materials science""], [""C127413603"",""Engineering""], [""C86803240"",""Biology""], [""C127313418"",""Geology""], [""C41008148"",""Computer science""]]",False,False,1082,12702.0,237.9569,37.862628,226.0,237.9569,69.5703,70,12464,8,61,0,2,29,2016-2025,,,920,16.2,0.0,high,high,high,medium,high,high,low
issn:0010-938X,0010-938X,Corrosion Science,"['0010-938X', '1879-0496']",Elsevier BV,Chemistry,"Chemistry,Materials science,Organic chemistry","[[""C86803240"",""Biology""], [""C127313418"",""Geology""], [""C185592680"",""Chemistry""], [""C192562407"",""Materials science""], [""C121332964"",""Physics""], [""C127413603"",""Engineering""]]",False,False,705,9992.2,175.7008,37.938161,227.0,175.7008,63.3022,63,9816,21,42,0,2,35,2016-2025,,,563,10.2,0.4,high,high,high,medium,medium,medium,medium
issn:0021-9673,0021-9673,Journal of chromatography A/Journal of chromatography,"['0021-9673', '1873-3778']",,Chemistry,"Chemistry,Chromatography,Organic chemistry","[[""C185592680"",""Chemistry""], [""C121332964"",""Physics""], [""C86803240"",""Biology""], [""C192562407"",""Materials science""], [""C33923547"",""Mathematics""], [""C127413603"",""Engineering""], [""C71924100"",""Medicine""], [""C41008148"",""Computer science""]]",False,False,2436,23158.0,392.8027,38.557597,228.0,392.8027,75.7634,76,22765,18,57,0,1,23,2016-2025,,,1907,21.0,3.2,high,high,high,high,high,high,high
issn:0968-0004,0968-0004,Trends in Biochemical Sciences,"['0968-0004', '1362-4326']",Elsevier BV,Biology,"Biochemistry,Biology,Chemistry","[[""C86803240"",""Biology""], [""C185592680"",""Chemistry""], [""C121332964"",""Physics""], [""C71924100"",""Medicine""]]",False,False,520,3802.4,66.7994,38.825682,229.0,66.7994,81.5108,82,3736,43,39,0,1,18,2016-2025,,,425,7.6,0.2,high,medium,medium,low,low,medium,medium
issn:0142-9612,0142-9612,Biomaterials,"['0142-9612', '1878-5905']",Elsevier BV,Materials science,"Biology,Chemistry,Materials science","[[""C192562407"",""Materials science""], [""C185592680"",""Chemistry""], [""C86803240"",""Biology""], [""C71924100"",""Medicine""], [""C127413603"",""Engineering""], [""C121332964"",""Physics""]]",False,False,1415,16266.6,268.2096,38.893815,230.0,268.2096,70.9307,71,15998,25,46,0,1,28,2016-2025,,,1085,29.0,0.4,high,high,high,high,high,high,medium
issn:0168-9452,0168-9452,Plant Science,"['0168-9452', '1873-2259']",Elsevier BV,Biology,"Biochemistry,Biology,Chemistry","[[""C86803240"",""Biology""], [""C185592680"",""Chemistry""], [""C121332964"",""Physics""], [""C71924100"",""Medicine""], [""C127313418"",""Geology""]]",False,False,827,10253.8,158.6679,39.337303,231.0,158.6679,68.9534,69,10095,19,50,0,2,29,2016-2025,,,601,18.6,0.4,high,high,high,medium,medium,high,medium
issn:0889-9746,0889-9746,Journal of Fluids and Structures,"['0889-9746', '1095-8622']",Elsevier BV,Physics,"Engineering,Mechanics,Physics","[[""C121332964"",""Physics""], [""C127413603"",""Engineering""], [""C33923547"",""Mathematics""], [""C205649164"",""Geography""], [""C41008148"",""Computer science""], [""C192562407"",""Materials science""], [""C86803240"",""Biology""]]",False,False,260,3068.2,41.6037,40.039406,232.0,41.6037,70.8897,71,3027,30,41,0,1,28,2016-2025,,,168,7.2,0.2,high,low,low,low,low,medium,medium
issn:0379-0738,0379-0738,Forensic Science International,"['0379-0738', '1872-6283']",Elsevier BV,Medicine,"Biology,Chemistry,Medicine","[[""C71924100"",""Medicine""], [""C86803240"",""Biology""], [""C185592680"",""Chemistry""], [""C205649164"",""Geography""], [""C95457728"",""History""], [""C121332964"",""Physics""], [""C15744967"",""Psychology""], [""C41008148"",""Computer science""], [""C144024400"",""Sociology""], [""C33923547"",""Mathematics""], [""C127413603"",""Engineering""]]",False,False,786,7117.6,122.9515,40.255821,233.0,122.9515,77.8946,78,6995,31,46,0,1,21,2016-2025,,,654,9.2,0.4,high,medium,medium,medium,medium,medium,medium
issn:0145-2134,0145-2134,Child Abuse & Neglect,"['0145-2134', '1873-7757']",Elsevier BV,Medicine,"Environmental health,Medicine,Psychology","[[""C71924100"",""Medicine""], [""C15744967"",""Psychology""], [""C17744445"",""Political science""], [""C144024400"",""Sociology""], [""C86803240"",""Biology""], [""C33923547"",""Mathematics""], [""C41008148"",""Computer science""]]",False,True,625,5277.2,93.132,40.371733,234.0,93.132,79.4689,79,5184,42,38,0,1,20,2016-2025,,,534,7.2,0.2,high,medium,medium,medium,medium,medium,medium
issn:0006-3223,0006-3223,Biological psychiatry,"['0006-3223', '1873-2402']",Elsevier BV,Medicine,"Biology,Medicine,Psychology","[[""C71924100"",""Medicine""], [""C15744967"",""Psychology""], [""C86803240"",""Biology""], [""C185592680"",""Chemistry""], [""C41008148"",""Computer science""]]",False,True,335,4705.4,66.2982,41.012659,235.0,66.2982,66.211,66,4639,11,55,0,2,32,2016-2025,,,231,8.4,0.2,high,medium,medium,low,low,medium,medium
issn:0264-410X,0264-410X,Vaccine,"['0264-410X', '1873-2518']",Elsevier BV,Medicine,"Biology,Immunology,Medicine","[[""C71924100"",""Medicine""], [""C86803240"",""Biology""], [""C185592680"",""Chemistry""], [""C127313418"",""Geology""]]",False,False,1264,11199.0,159.166,41.525822,236.0,159.166,78.9649,79,11040,56,23,0,1,20,2016-2025,,,890,23.4,1.4,high,high,high,high,high,high,high
issn:0736-5853,0736-5853,Telematics and Informatics,"['0736-5853', '1879-324X']",Elsevier BV,Computer science,"Business,Computer science,Political science","[[""C41008148"",""Computer science""], [""C144133560"",""Business""], [""C17744445"",""Political science""], [""C127413603"",""Engineering""], [""C162324750"",""Economics""], [""C138885662"",""Philosophy""], [""C33923547"",""Mathematics""], [""C15744967"",""Psychology""], [""C86803240"",""Biology""], [""C121332964"",""Physics""], [""C144024400"",""Sociology""], [""C205649164"",""Geography""]]",False,False,193,3140.0,60.9609,41.604352,237.0,60.9609,61.6562,62,3079,27,35,0,2,36,2016-2025,,,187,0.6,0.0,high,low,low,low,low,low,low
issn:0168-1923,0168-1923,Agricultural and Forest Meteorology,"['0168-1923', '1873-2240']",Elsevier BV,Environmental science,"Biology,Environmental science,Geology","[[""C192562407"",""Materials science""], [""C41008148"",""Computer science""], [""C39432304"",""Environmental science""], [""C86803240"",""Biology""], [""C127313418"",""Geology""], [""C205649164"",""Geography""], [""C121332964"",""Physics""], [""C127413603"",""Engineering""], [""C95457728"",""History""], [""C185592680"",""Chemistry""], [""C33923547"",""Mathematics""]]",False,False,1264,8383.6,114.7225,42.213802,238.0,114.7225,84.5026,85,8269,51,34,0,1,15,2016-2025,,,871,29.4,1.0,high,high,high,high,high,high,high
issn:0022-3476,0022-3476,The journal of pediatrics/The Journal of pediatrics,"['0022-3476', '1085-8695', '1097-6833']",Elsevier BV,Medicine,"Biology,Internal medicine,Medicine","[[""C71924100"",""Medicine""], [""C86803240"",""Biology""], [""C185592680"",""Chemistry""], [""C15744967"",""Psychology""]]",False,True,257,3218.2,48.1092,42.49758,239.0,48.1092,70.9487,71,3170,38,33,0,1,28,2016-2025,,,195,6.2,0.0,high,low,low,low,low,low,low
issn:0169-2046,0169-2046,Landscape and Urban Planning,"['0169-2046', '1872-6062']",Elsevier BV,Geography,"Biology,Ecology,Geography","[[""C205649164"",""Geography""], [""C86803240"",""Biology""], [""C39432304"",""Environmental science""], [""C162324750"",""Economics""], [""C127413603"",""Engineering""], [""C41008148"",""Computer science""], [""C95457728"",""History""], [""C127313418"",""Geology""], [""C17744445"",""Political science""], [""C71924100"",""Medicine""], [""C144024400"",""Sociology""], [""C121332964"",""Physics""], [""C138885662"",""Philosophy""], [""C33923547"",""Mathematics""], [""C144133560"",""Business""]]",False,False,575,4577.6,73.309,42.64831,240.0,73.309,81.645,82,4504,52,29,0,1,17,2016-2025,,,470,10.6,0.0,high,medium,medium,low,low,medium,low
issn:0378-4320,0378-4320,Animal Reproduction Science,"['0378-4320', '1873-2232']",Elsevier BV,Biology,"Biology,Genetics,Medicine","[[""C127313418"",""Geology""], [""C86803240"",""Biology""], [""C71924100"",""Medicine""], [""C185592680"",""Chemistry""]]",False,False,537,5478.0,91.298,42.721352,241.0,91.298,76.5186,77,5387,18,59,0,1,22,2016-2025,,,457,6.0,0.2,high,medium,medium,low,low,low,medium
issn:0167-7152,0167-7152,Statistics & Probability Letters,"['0167-7152', '1879-2103']",Elsevier BV,Mathematics,"Computer science,Mathematics,Statistics","[[""C33923547"",""Mathematics""], [""C41008148"",""Computer science""], [""C121332964"",""Physics""], [""C162324750"",""Economics""], [""C71924100"",""Medicine""], [""C86803240"",""Biology""], [""C138885662"",""Philosophy""], [""C127413603"",""Engineering""]]",False,False,275,4302.4,67.0382,42.805576,242.0,67.0382,64.0248,64,4235,13,51,0,2,34,2016-2025,,,219,3.6,0.2,high,medium,medium,low,low,low,medium
issn:0024-3795,0024-3795,Linear Algebra and its Applications,"['0024-3795', '1873-1856']",Elsevier BV,Mathematics,"Combinatorics,Mathematics,Pure mathematics","[[""C33923547"",""Mathematics""], [""C121332964"",""Physics""], [""C41008148"",""Computer science""], [""C185592680"",""Chemistry""], [""C192562407"",""Materials science""], [""C138885662"",""Philosophy""]]",False,True,562,7340.6,92.3908,42.995134,243.0,92.3908,69.9965,70,7248,58,12,0,2,29,2016-2025,,48,362,12.0,0.8,high,high,high,low,low,medium,high
issn:0168-1605,0168-1605,International Journal of Food Microbiology,"['0168-1605', '1879-3460']",Elsevier BV,Biology,"Biology,Chemistry,Genetics","[[""C86803240"",""Biology""], [""C185592680"",""Chemistry""], [""C127313418"",""Geology""], [""C71924100"",""Medicine""], [""C121332964"",""Physics""]]",False,True,1022,9398.2,148.4767,43.137211,244.0,148.4767,79.0217,79,9250,25,54,0,1,20,2016-2025,,,833,19.0,0.0,high,high,high,medium,medium,high,low
issn:0378-3758,0378-3758,Journal of Statistical Planning and Inference,"['0378-3758', '1873-1171']",Elsevier BV,Mathematics,"Computer science,Mathematics,Statistics","[[""C33923547"",""Mathematics""], [""C41008148"",""Computer science""], [""C162324750"",""Economics""], [""C121332964"",""Physics""], [""C71924100"",""Medicine""], [""C86803240"",""Biology""], [""C138885662"",""Philosophy""], [""C127413603"",""Engineering""]]",False,False,288,3318.8,54.7197,44.409111,245.0,54.7197,74.4636,74,3264,13,61,0,1,24,2016-2025,,,252,3.6,0.0,high,low,low,low,low,low,low
issn:0891-5849,0891-5849,Free Radical Biology and Medicine,"['0891-5849', '1873-4596']",Elsevier BV,Chemistry,"Biochemistry,Biology,Chemistry","[[""C185592680"",""Chemistry""], [""C86803240"",""Biology""], [""C71924100"",""Medicine""], [""C121332964"",""Physics""]]",False,True,564,8660.4,120.5888,44.640153,246.0,120.5888,66.1071,66,8540,21,45,0,2,32,2016-2025,,,419,12.6,0.2,high,high,high,low,low,medium,medium
issn:0168-3659,0168-3659,Journal of Controlled Release,"['0168-3659', '1873-4995']",Elsevier BV,Chemistry,"Biology,Chemistry,Medicine","[[""C185592680"",""Chemistry""], [""C86803240"",""Biology""], [""C71924100"",""Medicine""], [""C192562407"",""Materials science""], [""C121332964"",""Physics""], [""C127413603"",""Engineering""], [""C15744967"",""Psychology""]]",False,False,707,10504.6,155.0614,44.873608,247.0,155.0614,67.3784,67,10350,26,41,0,2,31,2016-2025,,,559,14.8,0.0,high,high,high,medium,medium,medium,low
issn:0301-9322,0301-9322,International Journal of Multiphase Flow,"['0301-9322', '1879-3533']",Elsevier BV,Physics,"Mechanics,Physics,Thermodynamics","[[""C121332964"",""Physics""], [""C192562407"",""Materials science""], [""C127413603"",""Engineering""], [""C33923547"",""Mathematics""], [""C205649164"",""Geography""], [""C41008148"",""Computer science""], [""C185592680"",""Chemistry""], [""C127313418"",""Geology""], [""C86803240"",""Biology""], [""C15744967"",""Psychology""]]",False,False,479,6508.6,89.6997,45.651006,248.0,89.6997,70.6678,71,6419,29,42,0,1,28,2016-2025,,,360,8.0,0.4,high,medium,medium,low,low,medium,medium
issn:0001-8791,0001-8791,Journal of Vocational Behavior,"['0001-8791', '1095-9084']",Elsevier BV,Psychology,"Economics,Psychology,Social psychology","[[""C15744967"",""Psychology""], [""C162324750"",""Economics""], [""C17744445"",""Political science""], [""C144024400"",""Sociology""], [""C71924100"",""Medicine""], [""C41008148"",""Computer science""], [""C33923547"",""Mathematics""], [""C121332964"",""Physics""], [""C138885662"",""Philosophy""], [""C86803240"",""Biology""], [""C127413603"",""Engineering""], [""C185592680"",""Chemistry""]]",False,False,374,2599.4,43.8169,46.682603,249.0,43.8169,85.3443,85,2556,39,47,0,1,14,2016-2025,,,352,2.2,0.0,high,low,low,low,low,low,low
issn:0098-8472,0098-8472,Environmental and Experimental Botany,"['0098-8472', '1873-7307']",Elsevier BV,Biology,"Biology,Botany,Chemistry","[[""C86803240"",""Biology""], [""C185592680"",""Chemistry""], [""C121332964"",""Physics""], [""C127313418"",""Geology""], [""C71924100"",""Medicine""], [""C192562407"",""Materials science""]]",False,False,349,3296.4,45.1808,47.185342,250.0,45.1808,80.2581,80,3251,38,42,0,1,19,2016-2025,,,269,6.0,0.2,high,low,low,low,low,low,medium
issn:0009-2614,0009-2614,Chemical physics letters,"['0009-2614', '1873-4448']",,Chemistry,"Chemistry,Physics,Quantum mechanics","[[""C185592680"",""Chemistry""], [""C121332964"",""Physics""], [""C192562407"",""Materials science""], [""C127413603"",""Engineering""], [""C86803240"",""Biology""], [""C41008148"",""Computer science""], [""C33923547"",""Mathematics""]]",False,False,1099,16303.6,235.5078,47.449078,251.0,235.5078,69.1839,69,16068,11,59,0,2,29,2016-2025,,,899,20.0,0.0,high,high,high,high,high,high,low
issn:0921-4534,0921-4534,"Physica. C, Superconductivity","['0921-4534', '1873-2143']",Elsevier BV,Physics,"Materials science,Physics,Quantum mechanics","[[""C121332964"",""Physics""], [""C192562407"",""Materials science""], [""C185592680"",""Chemistry""], [""C127413603"",""Engineering""], [""C33923547"",""Mathematics""], [""C41008148"",""Computer science""], [""C86803240"",""Biology""], [""C127313418"",""Geology""]]",False,False,448,4855.4,72.876,47.618528,252.0,72.876,77.5648,78,4783,14,64,0,1,21,2016-2025,,,382,4.6,0.2,high,medium,medium,low,low,low,medium
issn:0924-0136,0924-0136,Journal of Materials Processing Technology,"['0924-0136', '1873-4774']",Elsevier BV,Materials science,"Composite material,Engineering,Materials science","[[""C121332964"",""Physics""], [""C185592680"",""Chemistry""], [""C41008148"",""Computer science""], [""C33923547"",""Mathematics""], [""C127313418"",""Geology""], [""C86803240"",""Biology""], [""C205649164"",""Geography""], [""C192562407"",""Materials science""], [""C127413603"",""Engineering""]]",False,False,691,9388.4,137.2629,48.194362,253.0,137.2629,72.237,72,9251,20,53,0,1,26,2016-2025,,,582,7.0,0.4,high,high,high,medium,medium,low,medium
issn:0924-4247,0924-4247,Sensors and Actuators A Physical,"['0924-4247', '1873-3069']",Elsevier BV,Physics,"Engineering,Materials science,Physics","[[""C121332964"",""Physics""], [""C127413603"",""Engineering""], [""C192562407"",""Materials science""], [""C41008148"",""Computer science""], [""C185592680"",""Chemistry""], [""C33923547"",""Mathematics""], [""C86803240"",""Biology""], [""C71924100"",""Medicine""], [""C127313418"",""Geology""]]",False,False,719,12066.0,156.8789,48.573649,254.0,156.8789,65.9,66,11909,20,46,0,2,32,2016-2025,,,541,7.8,1.0,high,high,high,medium,medium,medium,high
issn:0260-8774,0260-8774,Journal of Food Engineering,"['0260-8774', '1873-5770']",Elsevier BV,Chemistry,"Biology,Chemistry,Physics","[[""C185592680"",""Chemistry""], [""C121332964"",""Physics""], [""C86803240"",""Biology""], [""C127413603"",""Engineering""], [""C192562407"",""Materials science""], [""C127313418"",""Geology""], [""C41008148"",""Computer science""], [""C33923547"",""Mathematics""], [""C205649164"",""Geography""], [""C71924100"",""Medicine""]]",False,True,913,9533.2,123.1904,48.891142,255.0,123.1904,78.9167,79,9410,24,55,0,1,20,2016-2025,,,687,14.6,0.8,high,high,high,medium,medium,medium,high
issn:0165-1765,0165-1765,Economics Letters,"['0165-1765', '1873-7374']",Elsevier BV,Economics,"Computer science,Economics,Mathematics","[[""C162324750"",""Economics""], [""C33923547"",""Mathematics""], [""C41008148"",""Computer science""], [""C144133560"",""Business""], [""C17744445"",""Political science""], [""C138885662"",""Philosophy""], [""C121332964"",""Physics""], [""C86803240"",""Biology""], [""C127413603"",""Engineering""]]",False,False,443,6916.6,105.3753,49.002406,256.0,105.3753,68.6252,69,6811,27,41,0,2,30,2016-2025,,,395,2.8,0.2,high,medium,medium,low,low,low,medium
issn:0304-4238,0304-4238,Scientia Horticulturae,"['0304-4238', '1879-1018']",Elsevier BV,Biology,"Biology,Botany,Horticulture","[[""C86803240"",""Biology""], [""C185592680"",""Chemistry""], [""C71924100"",""Medicine""], [""C121332964"",""Physics""], [""C127313418"",""Geology""], [""C192562407"",""Materials science""], [""C205649164"",""Geography""]]",False,False,587,6100.6,86.3459,50.545838,257.0,86.3459,79.7379,80,6014,38,41,0,1,19,2016-2025,,,501,4.6,0.4,high,medium,medium,low,medium,low,medium
issn:0022-328X,0022-328X,Journal of organometallic chemistry,"['0022-328X', '1872-8561']",,Chemistry,"Biology,Chemistry,Organic chemistry","[[""C185592680"",""Chemistry""], [""C86803240"",""Biology""], [""C121332964"",""Physics""], [""C192562407"",""Materials science""], [""C71924100"",""Medicine""]]",False,False,638,8215.4,128.5609,50.626905,258.0,128.5609,74.974,75,8087,13,62,0,1,24,2016-2025,,,604,3.4,0.0,high,high,high,medium,medium,low,low
issn:1462-9011,1462-9011,Environmental Science & Policy,"['1462-9011', '1873-6416']",Elsevier BV,Economics,"Biology,Economics,Environmental science","[[""C162324750"",""Economics""], [""C86803240"",""Biology""], [""C39432304"",""Environmental science""], [""C144133560"",""Business""], [""C205649164"",""Geography""], [""C17744445"",""Political science""], [""C41008148"",""Computer science""], [""C127313418"",""Geology""], [""C127413603"",""Engineering""], [""C95457728"",""History""], [""C121332964"",""Physics""], [""C138885662"",""Philosophy""], [""C144024400"",""Sociology""], [""C15744967"",""Psychology""], [""C33923547"",""Mathematics""]]",False,False,287,2692.6,40.4222,51.122554,259.0,40.4222,81.9196,82,2652,59,23,0,1,17,2016-2025,,,263,2.4,0.0,high,low,low,low,low,low,low
issn:1467-0895,1467-0895,International Journal of Accounting Information Systems,"['1467-0895', '1873-4723']",Elsevier BV,Computer science,"Business,Computer science,Economics","[[""C41008148"",""Computer science""], [""C144133560"",""Business""], [""C162324750"",""Economics""], [""C17744445"",""Political science""], [""C127413603"",""Engineering""], [""C138885662"",""Philosophy""], [""C33923547"",""Mathematics""], [""C121332964"",""Physics""], [""C86803240"",""Biology""], [""C15744967"",""Psychology""]]",False,False,53,917.6,11.6661,51.605522,260.0,11.6661,66.693,67,906,24,42,0,2,32,2016-2025,,,41,1.2,0.0,high,low,low,low,low,low,low
issn:0032-3861,0032-3861,Polymer,"['0032-3861', '1873-2291']",,Materials science,"Chemistry,Materials science,Physics","[[""C127413603"",""Engineering""], [""C86803240"",""Biology""], [""C192562407"",""Materials science""], [""C185592680"",""Chemistry""], [""C121332964"",""Physics""]]",False,False,1333,21291.6,289.109,51.750443,261.0,289.109,69.5497,70,21002,16,53,0,2,29,2016-2025,,,1117,19.6,0.2,high,high,high,high,high,high,medium
issn:0040-4039,0040-4039,Tetrahedron letters,"['0040-4039', '1873-3581']",,Chemistry,"Biology,Chemistry,Organic chemistry","[[""C185592680"",""Chemistry""], [""C86803240"",""Biology""], [""C121332964"",""Physics""], [""C192562407"",""Materials science""]]",False,False,2237,21497.6,327.8733,52.823717,262.0,327.8733,82.0856,82,21170,13,69,0,1,17,2016-2025,,,2153,8.4,0.0,high,high,high,high,high,medium,low
issn:0305-750X,0305-750X,World Development,"['0305-750X', '1873-5991']",Elsevier BV,Economics,"Economics,Law,Political science","[[""C162324750"",""Economics""], [""C17744445"",""Political science""], [""C144133560"",""Business""], [""C86803240"",""Biology""], [""C205649164"",""Geography""], [""C95457728"",""History""], [""C144024400"",""Sociology""], [""C41008148"",""Computer science""], [""C138885662"",""Philosophy""], [""C33923547"",""Mathematics""], [""C71924100"",""Medicine""], [""C121332964"",""Physics""], [""C127413603"",""Engineering""]]",False,False,579,7130.0,98.2589,52.858208,263.0,98.2589,77.0109,77,7032,42,35,0,1,22,2016-2025,,,503,5.6,0.2,high,medium,high,low,medium,low,medium
issn:0921-8009,0921-8009,Ecological Economics,"['0921-8009', '1873-6106']",Elsevier BV,Economics,"Biology,Ecology,Economics","[[""C162324750"",""Economics""], [""C86803240"",""Biology""], [""C17744445"",""Political science""], [""C144133560"",""Business""], [""C205649164"",""Geography""], [""C41008148"",""Computer science""], [""C39432304"",""Environmental science""], [""C33923547"",""Mathematics""], [""C95457728"",""History""], [""C138885662"",""Philosophy""], [""C144024400"",""Sociology""], [""C127413603"",""Engineering""], [""C127313418"",""Geology""], [""C121332964"",""Physics""], [""C71924100"",""Medicine""]]",False,False,669,5785.4,78.783,53.861761,264.0,78.783,84.1611,84,5707,49,35,0,1,15,2016-2025,,,585,8.4,0.0,high,medium,medium,medium,medium,medium,low
issn:0006-291X,0006-291X,Biochemical and biophysical research communications,"['0006-291X', '1090-2104']",,Chemistry,"Biochemistry,Biology,Chemistry","[[""C185592680"",""Chemistry""], [""C86803240"",""Biology""], [""C71924100"",""Medicine""], [""C121332964"",""Physics""]]",False,False,1261,18675.0,229.2433,54.195024,265.0,229.2433,73.014,73,18446,23,50,0,1,26,2016-2025,,,999,26.2,0.0,high,high,high,high,high,high,low
issn:0742-051X,0742-051X,Teaching and Teacher Education,"['0742-051X', '1879-2480']",Elsevier BV,Psychology,"Mathematics,Psychology,Sociology","[[""C15744967"",""Psychology""], [""C144024400"",""Sociology""], [""C33923547"",""Mathematics""], [""C162324750"",""Economics""], [""C17744445"",""Political science""], [""C138885662"",""Philosophy""], [""C41008148"",""Computer science""], [""C71924100"",""Medicine""], [""C86803240"",""Biology""], [""C121332964"",""Physics""], [""C205649164"",""Geography""], [""C95457728"",""History""], [""C142362112"",""Art""]]",False,False,414,4162.2,51.8758,54.39707,266.0,51.8758,81.7632,82,4110,48,34,0,1,17,2016-2025,,,335,6.0,0.2,high,medium,medium,low,low,low,medium
issn:0149-7634,0149-7634,Neuroscience & Biobehavioral Reviews,"['0149-7634', '1873-7528']",Elsevier BV,Psychology,"Biology,Medicine,Psychology","[[""C15744967"",""Psychology""], [""C86803240"",""Biology""], [""C71924100"",""Medicine""], [""C185592680"",""Chemistry""], [""C41008148"",""Computer science""], [""C138885662"",""Philosophy""]]",False,True,662,6718.4,85.2399,54.971098,267.0,85.2399,81.7653,82,6633,57,25,0,1,17,2016-2025,,,550,9.2,0.2,high,medium,medium,medium,medium,medium,medium
issn:0921-4488,0921-4488,Small Ruminant Research,"['0921-4488', '1879-0941']",Elsevier BV,Biology,"Animal science,Biology,Medicine","[[""C86803240"",""Biology""], [""C71924100"",""Medicine""], [""C185592680"",""Chemistry""], [""C127313418"",""Geology""], [""C205649164"",""Geography""], [""C121332964"",""Physics""]]",False,True,286,4510.6,57.6226,55.15836,268.0,57.6226,71.7351,72,4453,25,47,0,1,27,2016-2025,,,240,4.6,0.0,high,medium,medium,low,low,low,low
issn:1084-9521,1084-9521,Seminars in Cell and Developmental Biology,"['1084-9521', '1096-3634']",Elsevier BV,Biology,"Biology,Chemistry,Genetics","[[""C86803240"",""Biology""], [""C185592680"",""Chemistry""], [""C71924100"",""Medicine""], [""C15744967"",""Psychology""], [""C121332964"",""Physics""]]",False,False,308,2385.0,29.6212,55.85437,269.0,29.6212,86.3034,86,2355,63,24,0,1,13,2016-2025,,,250,5.8,0.0,high,low,low,low,low,low,low
issn:0021-9290,0021-9290,Journal of Biomechanics,"['0021-9290', '1873-2380']",Elsevier BV,Medicine,"Biology,Medicine,Physics","[[""C71924100"",""Medicine""], [""C86803240"",""Biology""], [""C121332964"",""Physics""], [""C127413603"",""Engineering""], [""C41008148"",""Computer science""], [""C192562407"",""Materials science""], [""C33923547"",""Mathematics""], [""C127313418"",""Geology""], [""C185592680"",""Chemistry""], [""C15744967"",""Psychology""]]",False,True,1039,10988.0,110.9717,56.102755,270.0,110.9717,81.3461,81,10877,42,39,0,1,18,2016-2025,,,700,20.0,1.4,high,high,high,medium,medium,high,high
issn:0167-7012,0167-7012,Journal of Microbiological Methods,"['0167-7012', '1872-8359']",Elsevier BV,Biology,"Biology,Chemistry,Genetics","[[""C86803240"",""Biology""], [""C185592680"",""Chemistry""], [""C127313418"",""Geology""], [""C71924100"",""Medicine""], [""C121332964"",""Physics""]]",False,False,595,5886.0,78.7568,56.177704,271.0,78.7568,82.632,83,5807,30,53,0,1,16,2016-2025,,,533,6.2,0.0,high,medium,medium,low,medium,low,low
issn:0006-4971,0006-4971,Blood,"['0006-4971', '1528-0020']",,Medicine,"Biology,Internal medicine,Medicine","[[""C71924100"",""Medicine""], [""C86803240"",""Biology""], [""C185592680"",""Chemistry""]]",False,True,392,2899.4,17.1927,56.707363,272.0,17.1927,87.0316,87,2882,85,2,0,1,12,2016-2025,,12,156,23.6,0.0,high,low,low,low,low,high,low
issn:0304-4017,0304-4017,Veterinary Parasitology,"['0304-4017', '1873-2550']",Elsevier BV,Biology,"Biology,Medicine,Veterinary medicine","[[""C86803240"",""Biology""], [""C71924100"",""Medicine""], [""C127313418"",""Geology""], [""C185592680"",""Chemistry""], [""C41008148"",""Computer science""]]",False,True,730,7822.0,99.069,57.04119,273.0,99.069,81.4493,81,7723,22,60,0,1,18,2016-2025,,,628,8.2,0.2,high,high,high,medium,medium,medium,medium
issn:1874-3919,1874-3919,Journal of Proteomics,"['1874-3919', '1876-7737']",Elsevier BV,Biology,"Biochemistry,Biology,Chemistry","[[""C86803240"",""Biology""], [""C185592680"",""Chemistry""], [""C71924100"",""Medicine""], [""C121332964"",""Physics""], [""C41008148"",""Computer science""]]",False,False,369,6626.2,79.5012,57.887797,274.0,79.5012,69.3301,69,6547,22,47,0,2,29,2016-2025,,,305,4.4,0.2,high,medium,medium,low,low,low,medium
issn:0016-7037,0016-7037,Geochimica et Cosmochimica Acta,"['0016-7037', '1872-9533']",Elsevier BV,Geology,"Biology,Chemistry,Geology","[[""C127313418"",""Geology""], [""C86803240"",""Biology""], [""C185592680"",""Chemistry""], [""C121332964"",""Physics""], [""C192562407"",""Materials science""], [""C127413603"",""Engineering""]]",False,True,918,8281.0,83.5433,58.020107,275.0,83.5433,84.6135,85,8197,48,37,0,1,15,2016-2025,,,639,26.0,0.2,high,high,high,medium,medium,high,medium
issn:0039-6028,0039-6028,Surface science,"['0039-6028', '1879-2758']",,Chemistry,"Chemistry,Materials science,Physics","[[""C185592680"",""Chemistry""], [""C121332964"",""Physics""], [""C192562407"",""Materials science""], [""C127413603"",""Engineering""], [""C86803240"",""Biology""], [""C33923547"",""Mathematics""], [""C41008148"",""Computer science""]]",False,False,691,5412.4,59.6925,58.673478,276.0,59.6925,86.7957,87,5353,24,62,0,1,13,2016-2025,,,532,8.0,0.8,high,medium,medium,medium,medium,medium,high
issn:0040-4020,0040-4020,Tetrahedron,"['0040-4020', '1464-5416']",,Chemistry,"Biology,Chemistry,Organic chemistry","[[""C185592680"",""Chemistry""], [""C86803240"",""Biology""], [""C121332964"",""Physics""], [""C192562407"",""Materials science""]]",False,False,1046,14047.8,190.3135,59.41147,277.0,190.3135,77.7103,78,13857,15,63,0,1,21,2016-2025,,,1004,4.2,0.0,high,high,high,medium,high,low,low
issn:0920-5861,0920-5861,Catalysis Today,"['0920-5861', '1873-4308']",Elsevier BV,Chemistry,"Biology,Chemistry,Organic chemistry","[[""C185592680"",""Chemistry""], [""C86803240"",""Biology""], [""C192562407"",""Materials science""], [""C121332964"",""Physics""], [""C127413603"",""Engineering""]]",False,False,768,14400.0,169.0751,61.682179,278.0,169.0751,69.9622,70,14231,29,41,0,2,29,2016-2025,,,662,10.6,0.0,high,high,high,medium,medium,medium,low
issn:0169-409X,0169-409X,Advanced Drug Delivery Reviews,"['0169-409X', '1872-8294']",Elsevier BV,Biology,"Biology,Chemistry,Medicine","[[""C86803240"",""Biology""], [""C185592680"",""Chemistry""], [""C71924100"",""Medicine""], [""C192562407"",""Materials science""], [""C15744967"",""Psychology""], [""C121332964"",""Physics""], [""C127413603"",""Engineering""]]",False,False,660,10566.6,108.6993,62.260045,279.0,108.6993,74.5529,75,10458,59,15,0,1,24,2016-2025,,,503,9.8,0.6,high,high,high,medium,medium,medium,high
issn:0927-0248,0927-0248,Solar Energy Materials and Solar Cells,"['0927-0248', '1879-3398']",Elsevier BV,Physics,"Engineering,Materials science,Physics","[[""C121332964"",""Physics""], [""C192562407"",""Materials science""], [""C127413603"",""Engineering""], [""C185592680"",""Chemistry""], [""C86803240"",""Biology""], [""C41008148"",""Computer science""], [""C127313418"",""Geology""]]",False,False,431,8163.0,68.4805,62.329494,280.0,68.4805,69.8811,70,8095,23,47,0,2,29,2016-2025,,,267,16.4,0.0,high,high,high,low,low,high,low
issn:0166-0934,0166-0934,Journal of Virological Methods,"['0166-0934', '1879-0984']",Elsevier BV,Biology,"Biology,Genetics,Medicine","[[""C86803240"",""Biology""], [""C71924100"",""Medicine""], [""C185592680"",""Chemistry""], [""C121332964"",""Physics""]]",False,False,610,7092.8,84.7804,63.373287,281.0,84.7804,81.871,82,7008,66,15,0,1,17,2016-2025,,,550,6.0,0.0,high,medium,high,medium,medium,low,low
issn:0022-5096,0022-5096,Journal of the Mechanics and Physics of Solids,"['0022-5096', '1873-4782']",Elsevier BV,Materials science,"Composite material,Materials science,Physics","[[""C192562407"",""Materials science""], [""C121332964"",""Physics""], [""C127413603"",""Engineering""], [""C33923547"",""Mathematics""], [""C185592680"",""Chemistry""], [""C86803240"",""Biology""], [""C127313418"",""Geology""], [""C41008148"",""Computer science""], [""C205649164"",""Geography""]]",False,False,520,9363.4,99.1406,63.908192,282.0,99.1406,72.1376,72,9264,31,41,0,1,26,2016-2025,,,419,10.2,0.0,high,high,high,low,low,medium,low
issn:0377-2217,0377-2217,European Journal of Operational Research,"['0377-2217', '1872-6860']",Elsevier BV,Computer science,"Computer science,Economics,Mathematics","[[""C41008148"",""Computer science""], [""C33923547"",""Mathematics""], [""C162324750"",""Economics""], [""C127413603"",""Engineering""], [""C144133560"",""Business""], [""C121332964"",""Physics""], [""C138885662"",""Philosophy""], [""C86803240"",""Biology""], [""C17744445"",""Political science""]]",False,False,722,12351.2,120.5627,65.238514,283.0,120.5627,74.0412,74,12231,33,41,0,1,25,2016-2025,,,546,17.6,0.0,high,high,high,medium,medium,high,low
issn:0278-6915,0278-6915,Food and Chemical Toxicology,"['0278-6915', '1873-6351']",Elsevier BV,Chemistry,"Biology,Chemistry,Medicine","[[""C185592680"",""Chemistry""], [""C86803240"",""Biology""], [""C71924100"",""Medicine""], [""C121332964"",""Physics""]]",False,False,390,9062.0,89.1231,65.441694,284.0,89.1231,64.8872,65,8973,14,51,0,2,33,2016-2025,,,299,9.2,0.0,high,high,high,low,low,medium,low
issn:0003-3472,0003-3472,Animal Behaviour,"['0003-3472', '1095-8282']",Elsevier BV,Biology,"Biology,Ecology,Zoology","[[""C86803240"",""Biology""], [""C15744967"",""Psychology""], [""C71924100"",""Medicine""], [""C127313418"",""Geology""], [""C144024400"",""Sociology""], [""C121332964"",""Physics""], [""C41008148"",""Computer science""], [""C185592680"",""Chemistry""], [""C205649164"",""Geography""], [""C138885662"",""Philosophy""]]",False,True,533,2289.4,22.1838,65.453535,285.0,22.1838,93.5034,94,2267,48,45,0,0,6,2016-2025,,,390,14.4,0.0,high,low,low,low,low,medium,low
issn:0926-860X,0926-860X,Applied Catalysis A General,"['0926-860X', '1873-3875']",Elsevier BV,Chemistry,"Biology,Chemistry,Organic chemistry","[[""C185592680"",""Chemistry""], [""C86803240"",""Biology""], [""C192562407"",""Materials science""], [""C121332964"",""Physics""], [""C127413603"",""Engineering""], [""C41008148"",""Computer science""]]",False,False,1009,16086.6,178.1836,65.830421,286.0,178.1836,76.0397,76,15908,18,58,0,1,23,2016-2025,,,875,13.4,0.0,high,high,high,medium,high,medium,low
issn:0378-1119,0378-1119,Gene,"['0378-1119', '1879-0038']",Elsevier BV,Biology,"Biology,Chemistry,Genetics","[[""C86803240"",""Biology""], [""C185592680"",""Chemistry""], [""C71924100"",""Medicine""], [""C121332964"",""Physics""]]",False,False,716,14889.8,138.7586,68.432519,287.0,138.7586,69.8943,70,14751,13,57,0,2,29,2016-2025,,,542,13.4,0.4,high,high,high,medium,medium,medium,medium
issn:0022-0248,0022-0248,Journal of crystal growth,"['0022-0248', '1873-5002']",,Chemistry,"Chemistry,Materials science,Physics","[[""C185592680"",""Chemistry""], [""C192562407"",""Materials science""], [""C121332964"",""Physics""], [""C127413603"",""Engineering""], [""C127313418"",""Geology""], [""C86803240"",""Biology""], [""C41008148"",""Computer science""], [""C33923547"",""Mathematics""]]",False,False,648,10379.2,107.6825,69.104241,288.0,107.6825,77.0684,77,10272,18,59,0,1,22,2016-2025,,,552,9.6,0.0,high,high,high,medium,medium,medium,low
issn:0960-894X,0960-894X,Bioorganic & medicinal chemistry letters,"['0960-894X', '1464-3405']",,Chemistry,"Biochemistry,Biology,Chemistry","[[""C185592680"",""Chemistry""], [""C86803240"",""Biology""], [""C71924100"",""Medicine""], [""C121332964"",""Physics""]]",False,False,564,10221.6,117.9426,69.46515,289.0,117.9426,74.2181,74,10104,17,57,0,1,24,2016-2025,,,538,2.6,0.0,high,high,high,low,medium,low,low
issn:0049-089X,0049-089X,Social Science Research,"['0049-089X', '1096-0317']",Elsevier BV,Psychology,"Economics,Psychology,Sociology","[[""C15744967"",""Psychology""], [""C144024400"",""Sociology""], [""C162324750"",""Economics""], [""C17744445"",""Political science""], [""C33923547"",""Mathematics""], [""C71924100"",""Medicine""], [""C41008148"",""Computer science""], [""C86803240"",""Biology""], [""C138885662"",""Philosophy""], [""C205649164"",""Geography""], [""C95457728"",""History""], [""C121332964"",""Physics""], [""C127313418"",""Geology""], [""C144133560"",""Business""]]",False,False,179,1831.8,19.8936,70.574417,290.0,19.8936,85.6738,86,1812,53,32,0,1,14,2016-2025,,,163,1.6,0.0,high,low,low,low,low,low,low
issn:0141-3910,0141-3910,Polymer Degradation and Stability,"['0141-3910', '1873-2321']",Elsevier BV,Materials science,"Chemistry,Materials science,Organic chemistry","[[""C192562407"",""Materials science""], [""C185592680"",""Chemistry""], [""C121332964"",""Physics""], [""C127413603"",""Engineering""], [""C86803240"",""Biology""], [""C41008148"",""Computer science""], [""C205649164"",""Geography""]]",False,False,565,10027.2,94.7536,71.500265,291.0,94.7536,75.4164,75,9932,19,56,0,1,23,2016-2025,,,453,9.2,0.2,high,high,high,low,low,medium,medium
issn:0257-8972,0257-8972,Surface & coatings technology/Surface and coatings technology,"['0257-8972', '1879-3347']",Elsevier BV,Materials science,"Chemistry,Materials science,Organic chemistry","[[""C86803240"",""Biology""], [""C127313418"",""Geology""], [""C41008148"",""Computer science""], [""C192562407"",""Materials science""], [""C185592680"",""Chemistry""], [""C121332964"",""Physics""], [""C127413603"",""Engineering""]]",False,False,740,19266.4,201.7353,72.739549,292.0,201.7353,64.6012,65,19065,18,47,0,2,34,2016-2025,,,670,5.0,0.2,high,high,high,medium,medium,low,medium
issn:0005-1098,0005-1098,Automatica,"['0005-1098', '1873-2836']",Elsevier BV,Computer science,"Artificial intelligence,Computer science,Mathematics","[[""C41008148"",""Computer science""], [""C33923547"",""Mathematics""], [""C162324750"",""Economics""], [""C121332964"",""Physics""], [""C127413603"",""Engineering""], [""C86803240"",""Biology""], [""C138885662"",""Philosophy""], [""C185592680"",""Chemistry""]]",False,True,336,8106.0,65.3549,77.268203,293.0,65.3549,69.0655,69,8041,19,50,0,2,29,2016-2025,,,249,2.8,0.6,high,high,high,low,low,low,high
issn:0378-1127,0378-1127,Forest Ecology and Management,"['0378-1127', '1872-7042']",Elsevier BV,Biology,"Biology,Ecology,Geography","[[""C86803240"",""Biology""], [""C205649164"",""Geography""], [""C39432304"",""Environmental science""], [""C127313418"",""Geology""], [""C95457728"",""History""], [""C71924100"",""Medicine""], [""C121332964"",""Physics""], [""C185592680"",""Chemistry""], [""C127413603"",""Engineering""]]",False,False,828,12278.0,105.2417,78.628289,294.0,105.2417,81.3065,81,12173,44,38,0,1,18,2016-2025,,,662,12.6,0.4,high,high,high,medium,medium,medium,medium
issn:0048-7333,0048-7333,Research Policy,"['0048-7333', '1873-7625']",Elsevier BV,Economics,"Business,Computer science,Economics","[[""C162324750"",""Economics""], [""C144133560"",""Business""], [""C41008148"",""Computer science""], [""C17744445"",""Political science""], [""C33923547"",""Mathematics""], [""C138885662"",""Philosophy""], [""C205649164"",""Geography""], [""C86803240"",""Biology""], [""C144024400"",""Sociology""], [""C121332964"",""Physics""], [""C127413603"",""Engineering""], [""C95457728"",""History""], [""C15744967"",""Psychology""]]",False,False,494,5149.4,44.8677,79.969787,295.0,44.8677,87.0858,87,5105,55,32,0,1,12,2016-2025,,,409,6.6,0.2,high,medium,medium,low,low,low,medium
issn:0266-3538,0266-3538,Composites Science and Technology,"['0266-3538', '1879-1050']",Elsevier BV,Materials science,"Composite material,Materials science,Physics","[[""C192562407"",""Materials science""], [""C121332964"",""Physics""], [""C127413603"",""Engineering""], [""C185592680"",""Chemistry""], [""C41008148"",""Computer science""], [""C33923547"",""Mathematics""], [""C86803240"",""Biology""], [""C127313418"",""Geology""]]",False,False,448,12591.6,101.0751,80.242282,296.0,101.0751,65.2658,65,12491,15,50,0,2,33,2016-2025,,,342,8.6,0.2,high,high,high,low,low,medium,medium
issn:0003-2697,0003-2697,Analytical biochemistry,"['0003-2697', '1096-0309']",Elsevier BV,Chemistry,"Biochemistry,Biology,Chemistry","[[""C185592680"",""Chemistry""], [""C86803240"",""Biology""], [""C121332964"",""Physics""], [""C71924100"",""Medicine""], [""C192562407"",""Materials science""], [""C127413603"",""Engineering""]]",False,False,842,9276.8,85.5138,81.629895,297.0,85.5138,86.6281,87,9191,17,69,0,1,13,2016-2025,,,752,9.0,0.0,high,high,high,medium,medium,medium,low
issn:0304-3800,0304-3800,Ecological Modelling,"['0304-3800', '1872-7026']",Elsevier BV,Biology,"Biology,Ecology,Environmental science","[[""C86803240"",""Biology""], [""C39432304"",""Environmental science""], [""C127313418"",""Geology""], [""C41008148"",""Computer science""], [""C121332964"",""Physics""], [""C33923547"",""Mathematics""], [""C205649164"",""Geography""], [""C127413603"",""Engineering""], [""C71924100"",""Medicine""], [""C185592680"",""Chemistry""], [""C162324750"",""Economics""], [""C144024400"",""Sociology""], [""C95457728"",""History""]]",False,True,658,8420.8,69.5611,83.52166,298.0,69.5611,84.8139,85,8351,38,47,0,1,14,2016-2025,,,539,10.0,0.2,high,high,high,medium,medium,medium,medium
issn:1049-9644,1049-9644,Biological Control,"['1049-9644', '1090-2112']",Elsevier BV,Biology,"Biology,Botany,Ecology","[[""C86803240"",""Biology""], [""C127313418"",""Geology""], [""C71924100"",""Medicine""], [""C185592680"",""Chemistry""], [""C144133560"",""Business""]]",False,False,169,2336.6,20.0015,84.549365,299.0,20.0015,83.8277,84,2317,44,39,0,1,15,2016-2025,,,146,2.4,0.0,high,low,low,low,low,low,low
issn:0168-9002,0168-9002,"Nuclear instruments and methods in physics research. Section A, Accelerators, spectrometers, detectors and associated equipment/Nuclear instruments & methods in physics research. Section A, Accelerators, spectrometers, detectors and associated equipment","['0168-9002', '1872-9576']",,Physics,"Engineering,Physics,Quantum mechanics","[[""C121332964"",""Physics""], [""C127413603"",""Engineering""], [""C41008148"",""Computer science""], [""C192562407"",""Materials science""], [""C185592680"",""Chemistry""], [""C33923547"",""Mathematics""]]",False,False,467,14221.2,86.1474,86.906076,300.0,86.1474,65.137,65,14135,19,46,0,2,33,2016-2025,,,291,17.6,0.0,high,high,high,low,low,high,low
issn:0031-9422,0031-9422,Phytochemistry,"['0031-9422', '1873-3700']",,Chemistry,"Biology,Botany,Chemistry","[[""C185592680"",""Chemistry""], [""C86803240"",""Biology""], [""C71924100"",""Medicine""], [""C121332964"",""Physics""]]",False,True,580,11475.6,58.763,90.80034,301.0,58.763,78.3331,78,11417,15,64,0,1,21,2016-2025,,,319,16.2,1.0,high,high,high,low,low,high,high
issn:0016-6480,0016-6480,General and Comparative Endocrinology,"['0016-6480', '1095-6840']",Elsevier BV,Biology,"Biology,Internal medicine,Medicine","[[""C86803240"",""Biology""], [""C71924100"",""Medicine""], [""C185592680"",""Chemistry""], [""C15744967"",""Psychology""], [""C127313418"",""Geology""], [""C121332964"",""Physics""]]",False,False,276,5646.6,34.963,92.100191,302.0,34.963,77.8976,78,5612,24,54,0,1,21,2016-2025,,,186,7.0,0.2,high,medium,medium,low,low,low,medium
issn:1041-6080,1041-6080,Learning and Individual Differences,"['1041-6080', '1873-3425']",Elsevier BV,Psychology,"Developmental psychology,Mathematics,Psychology","[[""C15744967"",""Psychology""], [""C33923547"",""Mathematics""], [""C71924100"",""Medicine""], [""C41008148"",""Computer science""], [""C138885662"",""Philosophy""], [""C86803240"",""Biology""], [""C17744445"",""Political science""], [""C144024400"",""Sociology""], [""C162324750"",""Economics""], [""C121332964"",""Physics""]]",False,False,167,1462.2,12.2093,96.168917,303.0,12.2093,90.9782,91,1450,48,43,0,0,9,2016-2025,,,159,0.8,0.0,high,low,low,low,low,low,low
issn:0018-506X,0018-506X,Hormones and Behavior,"['0018-506X', '1095-6867']",Elsevier BV,Biology,"Biology,Medicine,Psychology","[[""C86803240"",""Biology""], [""C71924100"",""Medicine""], [""C15744967"",""Psychology""], [""C185592680"",""Chemistry""], [""C127313418"",""Geology""]]",False,False,244,3594.0,25.3434,98.282428,304.0,25.3434,85.1297,85,3569,31,54,0,1,14,2016-2025,,,201,4.4,0.0,high,medium,medium,low,low,low,low
issn:0006-3207,0006-3207,Biological Conservation,"['0006-3207', '1873-2917']",Elsevier BV,Biology,"Biology,Ecology,Geography","[[""C86803240"",""Biology""], [""C205649164"",""Geography""], [""C127313418"",""Geology""], [""C71924100"",""Medicine""], [""C39432304"",""Environmental science""], [""C144024400"",""Sociology""], [""C95457728"",""History""], [""C162324750"",""Economics""], [""C41008148"",""Computer science""], [""C127413603"",""Engineering""], [""C121332964"",""Physics""]]",False,True,917,9012.4,62.0258,100.464319,305.0,62.0258,90.2844,90,8950,57,34,0,0,9,2016-2025,,,739,15.8,0.2,high,high,high,medium,medium,high,medium
issn:0022-460X,0022-460X,Journal of sound and vibration,"['0022-460X', '1095-8568']",Elsevier BV,Physics,"Engineering,Physics,Quantum mechanics","[[""C121332964"",""Physics""], [""C127413603"",""Engineering""], [""C33923547"",""Mathematics""], [""C41008148"",""Computer science""], [""C192562407"",""Materials science""], [""C86803240"",""Biology""], [""C162324750"",""Economics""]]",False,False,390,15849.6,59.1317,148.032541,306.0,59.1317,72.6752,73,15790,24,48,0,1,26,2016-2025,,,255,9.6,0.4,high,high,high,low,low,medium,medium
